"image_id","label","atoms"
1,0,119
2,0,240
3,0,108
4,0,141
5,0,140
6,0,201
7,0,94
8,0,113
9,0,143
10,0,210
11,0,152
12,0,137
13,0,119
14,0,154
15,0,163
16,0,149
17,0,132
18,0,123
19,0,183
20,0,160
21,0,83
22,0,178
23,0,143
24,0,102
25,0,138
26,0,116
27,0,212
28,0,162
29,0,89
30,0,150
31,0,138
32,0,143
33,0,174
34,0,229
35,0,128
36,0,111
37,0,181
38,0,126
39,0,149
40,0,161
41,0,155
42,0,125
43,0,159
44,0,172
45,0,206
46,0,154
47,0,120
48,0,131
49,0,127
50,0,167
51,0,151
52,0,114
53,0,131
54,0,132
55,0,162
56,0,104
57,0,156
58,0,167
59,0,79
60,0,162
61,0,95
62,0,124
63,0,142
64,0,107
65,0,158
66,0,102
67,0,200
68,0,238
69,0,153
70,0,164
71,0,139
72,0,103
73,0,86
74,0,152
75,0,177
76,0,150
77,0,142
78,0,151
79,0,130
80,0,84
81,0,124
82,0,94
83,0,90
84,0,141
85,0,105
86,0,118
87,0,196
88,0,150
89,0,126
90,0,161
91,0,131
92,0,161
93,0,135
94,0,157
95,0,126
96,0,115
97,0,159
98,0,181
99,0,115
100,0,140
101,0,108
102,0,116
103,0,153
104,0,152
105,0,124
106,0,166
107,0,168
108,0,132
109,0,138
110,0,110
111,0,228
112,0,148
113,0,89
114,0,101
115,0,126
116,0,115
117,0,149
118,0,181
119,0,184
120,0,176
121,0,129
122,0,165
123,0,146
124,0,205
125,0,97
126,0,93
127,0,159
128,0,199
129,0,113
130,0,125
131,0,123
132,0,162
133,0,166
134,0,131
135,0,116
136,0,176
137,0,105
138,0,142
139,0,165
140,0,127
141,0,134
142,0,150
143,0,186
144,0,118
145,0,104
146,0,147
147,0,182
148,0,82
149,0,155
150,0,83
151,0,173
152,0,129
153,0,160
154,0,121
155,0,106
156,0,134
157,0,116
158,0,167
159,0,175
160,0,131
161,0,124
162,0,164
163,0,154
164,0,130
165,0,192
166,0,142
167,0,132
168,0,126
169,0,137
170,0,98
171,0,182
172,0,140
173,0,142
174,0,194
175,0,158
176,0,120
177,0,147
178,0,155
179,0,114
180,0,186
181,0,114
182,0,130
183,0,143
184,0,114
185,0,134
186,0,163
187,0,156
188,0,108
189,0,192
190,0,145
191,0,112
192,0,193
193,0,186
194,0,133
195,0,185
196,0,76
197,0,104
198,0,128
199,0,142
200,0,199
201,0,151
202,0,161
203,0,100
204,0,127
205,0,138
206,0,148
207,0,102
208,0,175
209,0,152
210,0,114
211,0,195
212,0,167
213,0,185
214,0,162
215,0,156
216,0,149
217,0,138
218,0,136
219,0,107
220,0,156
221,0,159
222,0,143
223,0,177
224,0,167
225,0,100
226,0,220
227,0,147
228,0,173
229,0,107
230,0,179
231,0,107
232,0,174
233,0,134
234,0,157
235,0,146
236,0,154
237,0,159
238,0,169
239,0,130
240,0,188
241,0,106
242,0,171
243,0,140
244,0,165
245,0,199
246,0,158
247,0,65
248,0,164
249,0,166
250,0,97
251,0,131
252,0,94
253,0,139
254,0,115
255,0,184
256,0,122
257,0,126
258,0,91
259,0,206
260,0,162
261,0,108
262,0,146
263,0,132
264,0,170
265,0,175
266,0,180
267,0,113
268,0,174
269,0,142
270,0,160
271,0,148
272,0,191
273,0,138
274,0,149
275,0,201
276,0,117
277,0,147
278,0,128
279,0,168
280,0,179
281,0,160
282,0,144
283,0,111
284,0,144
285,0,84
286,0,177
287,0,74
288,0,206
289,0,113
290,0,89
291,0,99
292,0,159
293,0,98
294,0,181
295,0,98
296,0,95
297,0,168
298,0,114
299,0,87
300,0,152
301,0,152
302,0,126
303,0,104
304,0,184
305,0,125
306,0,140
307,0,180
308,0,85
309,0,102
310,0,129
311,0,164
312,0,165
313,0,124
314,0,179
315,0,138
316,0,148
317,0,137
318,0,105
319,0,151
320,0,134
321,0,137
322,0,182
323,0,151
324,0,183
325,0,144
326,0,126
327,0,147
328,0,109
329,0,123
330,0,141
331,0,145
332,0,144
333,0,156
334,0,134
335,0,82
336,0,107
337,0,129
338,0,172
339,0,101
340,0,137
341,0,179
342,0,157
343,0,128
344,0,117
345,0,148
346,0,103
347,0,93
348,0,111
349,0,168
350,0,154
351,0,134
352,0,148
353,0,111
354,0,111
355,0,168
356,0,104
357,0,103
358,0,133
359,0,126
360,0,198
361,0,115
362,0,111
363,0,138
364,0,84
365,0,173
366,0,130
367,0,141
368,0,184
369,0,159
370,0,151
371,0,154
372,0,158
373,0,127
374,0,159
375,0,153
376,0,133
377,0,121
378,0,135
379,0,162
380,0,191
381,0,163
382,0,243
383,0,118
384,0,114
385,0,229
386,0,148
387,0,190
388,0,153
389,0,148
390,0,139
391,0,151
392,0,118
393,0,174
394,0,115
395,0,146
396,0,155
397,0,177
398,0,155
399,0,186
400,0,145
401,0,149
402,0,118
403,0,155
404,0,190
405,0,168
406,0,143
407,0,126
408,0,186
409,0,173
410,0,183
411,0,110
412,0,107
413,0,126
414,0,196
415,0,192
416,0,199
417,0,122
418,0,111
419,0,130
420,0,127
421,0,144
422,0,155
423,0,168
424,0,122
425,0,118
426,0,171
427,0,151
428,0,179
429,0,129
430,0,172
431,0,127
432,0,91
433,0,94
434,0,147
435,0,77
436,0,130
437,0,109
438,0,114
439,0,133
440,0,105
441,0,161
442,0,185
443,0,103
444,0,153
445,0,103
446,0,135
447,0,151
448,0,156
449,0,162
450,0,102
451,0,178
452,0,125
453,0,158
454,0,154
455,0,183
456,0,128
457,0,138
458,0,93
459,0,89
460,0,122
461,0,108
462,0,122
463,0,120
464,0,120
465,0,227
466,0,138
467,0,178
468,0,83
469,0,107
470,0,57
471,0,153
472,0,152
473,0,95
474,0,152
475,0,75
476,0,124
477,0,167
478,0,165
479,0,130
480,0,101
481,0,149
482,0,148
483,0,165
484,0,146
485,0,220
486,0,127
487,0,183
488,0,134
489,0,162
490,0,145
491,0,136
492,0,115
493,0,156
494,0,148
495,0,166
496,0,152
497,0,132
498,0,161
499,0,94
500,0,161
501,1,32
502,1,61
503,1,56
504,1,73
505,1,60
506,1,65
507,1,27
508,1,58
509,1,53
510,1,58
511,1,42
512,1,89
513,1,87
514,1,60
515,1,58
516,1,54
517,1,54
518,1,58
519,1,78
520,1,64
521,1,117
522,1,116
523,1,56
524,1,90
525,1,76
526,1,40
527,1,40
528,1,62
529,1,69
530,1,50
531,1,70
532,1,78
533,1,60
534,1,54
535,1,55
536,1,46
537,1,65
538,1,62
539,1,78
540,1,37
541,1,56
542,1,96
543,1,36
544,1,78
545,1,75
546,1,76
547,1,62
548,1,78
549,1,67
550,1,41
551,1,89
552,1,52
553,1,83
554,1,51
555,1,64
556,1,72
557,1,49
558,1,38
559,1,60
560,1,50
561,1,31
562,1,61
563,1,60
564,1,75
565,1,47
566,1,53
567,1,69
568,1,83
569,1,51
570,1,75
571,1,56
572,1,60
573,1,46
574,1,45
575,1,54
576,1,52
577,1,49
578,1,46
579,1,56
580,1,77
581,1,40
582,1,56
583,1,55
584,1,43
585,1,49
586,1,112
587,1,75
588,1,57
589,1,75
590,1,70
591,1,69
592,1,47
593,1,60
594,1,57
595,1,53
596,1,41
597,1,75
598,1,90
599,1,107
600,1,67
601,1,60
602,1,54
603,1,43
604,1,67
605,1,87
606,1,63
607,1,44
608,1,67
609,1,78
610,1,54
611,1,73
612,1,108
613,1,88
614,1,63
615,1,77
616,1,42
617,1,128
618,1,59
619,1,67
620,1,46
621,1,38
622,1,55
623,1,69
624,1,61
625,1,62
626,1,61
627,1,73
628,1,53
629,1,52
630,1,62
631,1,80
632,1,52
633,1,36
634,1,80
635,1,61
636,1,69
637,1,68
638,1,73
639,1,49
640,1,42
641,1,61
642,1,80
643,1,66
644,1,57
645,1,96
646,1,42
647,1,62
648,1,53
649,1,65
650,1,49
651,1,51
652,1,52
653,1,69
654,1,48
655,1,75
656,1,45
657,1,54
658,1,62
659,1,51
660,1,60
661,1,82
662,1,71
663,1,117
664,1,98
665,1,41
666,1,58
667,1,48
668,1,51
669,1,43
670,1,40
671,1,68
672,1,80
673,1,82
674,1,55
675,1,72
676,1,46
677,1,39
678,1,105
679,1,57
680,1,68
681,1,62
682,1,46
683,1,48
684,1,46
685,1,64
686,1,47
687,1,68
688,1,72
689,1,95
690,1,56
691,1,69
692,1,57
693,1,73
694,1,62
695,1,75
696,1,49
697,1,89
698,1,43
699,1,81
700,1,49
701,1,75
702,1,44
703,1,43
704,1,110
705,1,95
706,1,86
707,1,54
708,1,83
709,1,50
710,1,72
711,1,29
712,1,57
713,1,56
714,1,73
715,1,67
716,1,79
717,1,44
718,1,38
719,1,92
720,1,65
721,1,50
722,1,40
723,1,42
724,1,61
725,1,57
726,1,56
727,1,69
728,1,54
729,1,54
730,1,58
731,1,47
732,1,39
733,1,93
734,1,104
735,1,70
736,1,111
737,1,53
738,1,48
739,1,51
740,1,53
741,1,70
742,1,61
743,1,50
744,1,47
745,1,62
746,1,62
747,1,58
748,1,69
749,1,95
750,1,47
751,1,57
752,1,64
753,1,34
754,1,62
755,1,54
756,1,69
757,1,41
758,1,94
759,1,74
760,1,73
761,1,51
762,1,39
763,1,76
764,1,53
765,1,57
766,1,56
767,1,72
768,1,57
769,1,63
770,1,62
771,1,76
772,1,50
773,1,42
774,1,83
775,1,86
776,1,57
777,1,89
778,1,65
779,1,68
780,1,106
781,1,80
782,1,77
783,1,57
784,1,70
785,1,68
786,1,71
787,1,53
788,1,65
789,1,48
790,1,56
791,1,65
792,1,65
793,1,88
794,1,63
795,1,36
796,1,43
797,1,61
798,1,58
799,1,36
800,1,56
801,1,76
802,1,55
803,1,111
804,1,67
805,1,42
806,1,81
807,1,45
808,1,71
809,1,35
810,1,69
811,1,41
812,1,45
813,1,57
814,1,83
815,1,77
816,1,76
817,1,41
818,1,85
819,1,84
820,1,65
821,1,55
822,1,57
823,1,91
824,1,44
825,1,63
826,1,48
827,1,107
828,1,37
829,1,63
830,1,40
831,1,71
832,1,58
833,1,58
834,1,74
835,1,73
836,1,73
837,1,67
838,1,41
839,1,56
840,1,40
841,1,54
842,1,71
843,1,46
844,1,60
845,1,63
846,1,54
847,1,95
848,1,81
849,1,48
850,1,55
851,1,64
852,1,25
853,1,64
854,1,88
855,1,58
856,1,71
857,1,48
858,1,39
859,1,87
860,1,64
861,1,75
862,1,70
863,1,67
864,1,67
865,1,85
866,1,63
867,1,100
868,1,55
869,1,40
870,1,102
871,1,95
872,1,55
873,1,55
874,1,120
875,1,79
876,1,43
877,1,92
878,1,75
879,1,63
880,1,72
881,1,84
882,1,74
883,1,72
884,1,69
885,1,70
886,1,53
887,1,59
888,1,81
889,1,46
890,1,88
891,1,72
892,1,102
893,1,66
894,1,65
895,1,59
896,1,87
897,1,83
898,1,53
899,1,35
900,1,61
901,1,60
902,1,49
903,1,62
904,1,36
905,1,42
906,1,64
907,1,60
908,1,73
909,1,93
910,1,69
911,1,67
912,1,62
913,1,101
914,1,68
915,1,57
916,1,76
917,1,57
918,1,62
919,1,69
920,1,48
921,1,60
922,1,53
923,1,114
924,1,74
925,1,40
926,1,56
927,1,70
928,1,57
929,1,43
930,1,63
931,1,52
932,1,45
933,1,98
934,1,82
935,1,74
936,1,62
937,1,64
938,1,82
939,1,71
940,1,62
941,1,69
942,1,77
943,1,60
944,1,65
945,1,72
946,1,94
947,1,68
948,1,58
949,1,55
950,1,48
951,1,61
952,1,102
953,1,44
954,1,65
955,1,53
956,1,56
957,1,63
958,1,64
959,1,80
960,1,48
961,1,69
962,1,64
963,1,38
964,1,54
965,1,72
966,1,39
967,1,60
968,1,79
969,1,72
970,1,76
971,1,70
972,1,60
973,1,66
974,1,73
975,1,42
976,1,76
977,1,49
978,1,66
979,1,58
980,1,53
981,1,60
982,1,83
983,1,52
984,1,57
985,1,73
986,1,44
987,1,55
988,1,55
989,1,59
990,1,57
991,1,39
992,1,44
993,1,46
994,1,83
995,1,32
996,1,68
997,1,64
998,1,51
999,1,48
1000,1,46
1001,2,115
1002,2,127
1003,2,158
1004,2,157
1005,2,154
1006,2,127
1007,2,159
1008,2,160
1009,2,132
1010,2,118
1011,2,114
1012,2,129
1013,2,170
1014,2,129
1015,2,175
1016,2,131
1017,2,118
1018,2,89
1019,2,112
1020,2,159
1021,2,88
1022,2,115
1023,2,165
1024,2,150
1025,2,150
1026,2,145
1027,2,102
1028,2,120
1029,2,104
1030,2,127
1031,2,76
1032,2,167
1033,2,72
1034,2,98
1035,2,96
1036,2,145
1037,2,148
1038,2,154
1039,2,143
1040,2,120
1041,2,91
1042,2,79
1043,2,109
1044,2,88
1045,2,131
1046,2,194
1047,2,136
1048,2,78
1049,2,124
1050,2,133
1051,2,114
1052,2,153
1053,2,154
1054,2,159
1055,2,93
1056,2,127
1057,2,111
1058,2,149
1059,2,136
1060,2,183
1061,2,162
1062,2,95
1063,2,85
1064,2,142
1065,2,130
1066,2,116
1067,2,153
1068,2,68
1069,2,119
1070,2,174
1071,2,116
1072,2,221
1073,2,143
1074,2,103
1075,2,120
1076,2,190
1077,2,83
1078,2,145
1079,2,129
1080,2,136
1081,2,165
1082,2,110
1083,2,155
1084,2,148
1085,2,74
1086,2,174
1087,2,69
1088,2,123
1089,2,171
1090,2,131
1091,2,131
1092,2,161
1093,2,141
1094,2,130
1095,2,155
1096,2,128
1097,2,80
1098,2,125
1099,2,116
1100,2,103
1101,2,113
1102,2,102
1103,2,155
1104,2,123
1105,2,110
1106,2,93
1107,2,87
1108,2,162
1109,2,114
1110,2,110
1111,2,89
1112,2,79
1113,2,160
1114,2,109
1115,2,133
1116,2,86
1117,2,121
1118,2,89
1119,2,131
1120,2,100
1121,2,119
1122,2,157
1123,2,217
1124,2,147
1125,2,136
1126,2,100
1127,2,141
1128,2,159
1129,2,148
1130,2,83
1131,2,106
1132,2,129
1133,2,144
1134,2,83
1135,2,110
1136,2,125
1137,2,77
1138,2,60
1139,2,109
1140,2,120
1141,2,122
1142,2,141
1143,2,137
1144,2,77
1145,2,139
1146,2,119
1147,2,108
1148,2,94
1149,2,117
1150,2,93
1151,2,115
1152,2,104
1153,2,100
1154,2,133
1155,2,104
1156,2,163
1157,2,100
1158,2,147
1159,2,82
1160,2,112
1161,2,75
1162,2,130
1163,2,125
1164,2,116
1165,2,122
1166,2,166
1167,2,103
1168,2,144
1169,2,102
1170,2,95
1171,2,123
1172,2,143
1173,2,175
1174,2,128
1175,2,89
1176,2,94
1177,2,115
1178,2,91
1179,2,115
1180,2,118
1181,2,104
1182,2,136
1183,2,92
1184,2,97
1185,2,136
1186,2,143
1187,2,92
1188,2,105
1189,2,143
1190,2,131
1191,2,169
1192,2,85
1193,2,128
1194,2,188
1195,2,105
1196,2,111
1197,2,136
1198,2,122
1199,2,110
1200,2,124
1201,2,112
1202,2,92
1203,2,102
1204,2,107
1205,2,93
1206,2,91
1207,2,92
1208,2,146
1209,2,87
1210,2,88
1211,2,107
1212,2,70
1213,2,162
1214,2,111
1215,2,99
1216,2,59
1217,2,154
1218,2,159
1219,2,101
1220,2,123
1221,2,151
1222,2,71
1223,2,111
1224,2,123
1225,2,124
1226,2,112
1227,2,115
1228,2,71
1229,2,85
1230,2,112
1231,2,117
1232,2,123
1233,2,215
1234,2,138
1235,2,108
1236,2,116
1237,2,133
1238,2,138
1239,2,139
1240,2,145
1241,2,176
1242,2,103
1243,2,98
1244,2,117
1245,2,173
1246,2,68
1247,2,120
1248,2,109
1249,2,115
1250,2,106
1251,2,130
1252,2,177
1253,2,72
1254,2,210
1255,2,129
1256,2,120
1257,2,126
1258,2,112
1259,2,145
1260,2,161
1261,2,146
1262,2,122
1263,2,144
1264,2,132
1265,2,128
1266,2,98
1267,2,119
1268,2,146
1269,2,98
1270,2,97
1271,2,166
1272,2,135
1273,2,148
1274,2,135
1275,2,176
1276,2,119
1277,2,122
1278,2,129
1279,2,139
1280,2,144
1281,2,140
1282,2,108
1283,2,132
1284,2,128
1285,2,102
1286,2,164
1287,2,91
1288,2,178
1289,2,76
1290,2,121
1291,2,115
1292,2,77
1293,2,118
1294,2,104
1295,2,115
1296,2,158
1297,2,137
1298,2,137
1299,2,91
1300,2,101
1301,2,137
1302,2,81
1303,2,91
1304,2,103
1305,2,114
1306,2,88
1307,2,154
1308,2,104
1309,2,123
1310,2,135
1311,2,117
1312,2,127
1313,2,88
1314,2,87
1315,2,134
1316,2,130
1317,2,92
1318,2,89
1319,2,60
1320,2,126
1321,2,97
1322,2,72
1323,2,142
1324,2,107
1325,2,103
1326,2,87
1327,2,71
1328,2,136
1329,2,109
1330,2,100
1331,2,147
1332,2,147
1333,2,164
1334,2,107
1335,2,154
1336,2,99
1337,2,114
1338,2,113
1339,2,81
1340,2,141
1341,2,88
1342,2,106
1343,2,115
1344,2,121
1345,2,101
1346,2,114
1347,2,103
1348,2,99
1349,2,134
1350,2,52
1351,2,109
1352,2,151
1353,2,137
1354,2,136
1355,2,125
1356,2,154
1357,2,120
1358,2,192
1359,2,112
1360,2,77
1361,2,131
1362,2,132
1363,2,101
1364,2,95
1365,2,140
1366,2,117
1367,2,159
1368,2,135
1369,2,117
1370,2,90
1371,2,157
1372,2,151
1373,2,114
1374,2,162
1375,2,97
1376,2,173
1377,2,90
1378,2,142
1379,2,129
1380,2,147
1381,2,147
1382,2,110
1383,2,100
1384,2,99
1385,2,230
1386,2,118
1387,2,124
1388,2,157
1389,2,129
1390,2,102
1391,2,74
1392,2,110
1393,2,137
1394,2,150
1395,2,140
1396,2,58
1397,2,96
1398,2,134
1399,2,135
1400,2,187
1401,2,132
1402,2,104
1403,2,117
1404,2,109
1405,2,136
1406,2,172
1407,2,163
1408,2,138
1409,2,133
1410,2,104
1411,2,138
1412,2,93
1413,2,158
1414,2,79
1415,2,117
1416,2,87
1417,2,80
1418,2,137
1419,2,92
1420,2,96
1421,2,89
1422,2,88
1423,2,122
1424,2,114
1425,2,137
1426,2,164
1427,2,95
1428,2,93
1429,2,122
1430,2,206
1431,2,169
1432,2,117
1433,2,125
1434,2,87
1435,2,169
1436,2,165
1437,2,87
1438,2,78
1439,2,145
1440,2,121
1441,2,125
1442,2,196
1443,2,136
1444,2,106
1445,2,128
1446,2,113
1447,2,141
1448,2,119
1449,2,176
1450,2,99
1451,2,151
1452,2,102
1453,2,140
1454,2,52
1455,2,119
1456,2,58
1457,2,102
1458,2,129
1459,2,137
1460,2,140
1461,2,177
1462,2,120
1463,2,174
1464,2,127
1465,2,122
1466,2,119
1467,2,91
1468,2,53
1469,2,98
1470,2,156
1471,2,139
1472,2,130
1473,2,84
1474,2,82
1475,2,136
1476,2,169
1477,2,101
1478,2,122
1479,2,97
1480,2,129
1481,2,169
1482,2,128
1483,2,118
1484,2,93
1485,2,113
1486,2,172
1487,2,82
1488,2,123
1489,2,108
1490,2,90
1491,2,164
1492,2,139
1493,2,116
1494,2,106
1495,2,95
1496,2,106
1497,2,113
1498,2,113
1499,2,109
1500,2,130
1501,3,75
1502,3,130
1503,3,81
1504,3,75
1505,3,121
1506,3,161
1507,3,144
1508,3,128
1509,3,130
1510,3,88
1511,3,109
1512,3,140
1513,3,81
1514,3,112
1515,3,101
1516,3,56
1517,3,135
1518,3,150
1519,3,74
1520,3,116
1521,3,75
1522,3,76
1523,3,107
1524,3,154
1525,3,153
1526,3,101
1527,3,164
1528,3,134
1529,3,108
1530,3,84
1531,3,69
1532,3,119
1533,3,102
1534,3,153
1535,3,101
1536,3,157
1537,3,120
1538,3,87
1539,3,108
1540,3,71
1541,3,110
1542,3,115
1543,3,163
1544,3,91
1545,3,107
1546,3,153
1547,3,115
1548,3,159
1549,3,116
1550,3,85
1551,3,74
1552,3,115
1553,3,116
1554,3,123
1555,3,141
1556,3,79
1557,3,123
1558,3,91
1559,3,130
1560,3,114
1561,3,110
1562,3,142
1563,3,145
1564,3,120
1565,3,136
1566,3,120
1567,3,96
1568,3,84
1569,3,108
1570,3,88
1571,3,129
1572,3,134
1573,3,170
1574,3,151
1575,3,61
1576,3,148
1577,3,117
1578,3,120
1579,3,140
1580,3,111
1581,3,115
1582,3,92
1583,3,144
1584,3,110
1585,3,118
1586,3,130
1587,3,97
1588,3,135
1589,3,144
1590,3,83
1591,3,102
1592,3,124
1593,3,170
1594,3,85
1595,3,80
1596,3,62
1597,3,143
1598,3,99
1599,3,99
1600,3,82
1601,3,116
1602,3,136
1603,3,76
1604,3,91
1605,3,95
1606,3,112
1607,3,115
1608,3,61
1609,3,113
1610,3,168
1611,3,142
1612,3,128
1613,3,144
1614,3,144
1615,3,137
1616,3,104
1617,3,127
1618,3,115
1619,3,72
1620,3,97
1621,3,88
1622,3,149
1623,3,63
1624,3,112
1625,3,121
1626,3,98
1627,3,60
1628,3,113
1629,3,102
1630,3,124
1631,3,79
1632,3,102
1633,3,112
1634,3,118
1635,3,87
1636,3,114
1637,3,103
1638,3,78
1639,3,125
1640,3,99
1641,3,121
1642,3,101
1643,3,107
1644,3,127
1645,3,99
1646,3,142
1647,3,81
1648,3,171
1649,3,75
1650,3,79
1651,3,68
1652,3,148
1653,3,84
1654,3,93
1655,3,109
1656,3,103
1657,3,75
1658,3,97
1659,3,114
1660,3,85
1661,3,72
1662,3,122
1663,3,79
1664,3,109
1665,3,114
1666,3,173
1667,3,168
1668,3,101
1669,3,95
1670,3,101
1671,3,98
1672,3,161
1673,3,107
1674,3,92
1675,3,73
1676,3,128
1677,3,79
1678,3,91
1679,3,105
1680,3,177
1681,3,105
1682,3,110
1683,3,86
1684,3,104
1685,3,69
1686,3,79
1687,3,114
1688,3,85
1689,3,94
1690,3,77
1691,3,143
1692,3,90
1693,3,107
1694,3,161
1695,3,98
1696,3,81
1697,3,149
1698,3,97
1699,3,120
1700,3,135
1701,3,166
1702,3,87
1703,3,88
1704,3,110
1705,3,134
1706,3,109
1707,3,123
1708,3,76
1709,3,85
1710,3,143
1711,3,135
1712,3,125
1713,3,170
1714,3,112
1715,3,73
1716,3,71
1717,3,99
1718,3,101
1719,3,142
1720,3,76
1721,3,124
1722,3,90
1723,3,114
1724,3,103
1725,3,59
1726,3,153
1727,3,121
1728,3,102
1729,3,101
1730,3,118
1731,3,80
1732,3,128
1733,3,60
1734,3,131
1735,3,109
1736,3,117
1737,3,125
1738,3,168
1739,3,177
1740,3,136
1741,3,100
1742,3,157
1743,3,98
1744,3,173
1745,3,74
1746,3,111
1747,3,120
1748,3,147
1749,3,99
1750,3,139
1751,3,155
1752,3,107
1753,3,116
1754,3,160
1755,3,120
1756,3,112
1757,3,70
1758,3,143
1759,3,92
1760,3,108
1761,3,115
1762,3,125
1763,3,159
1764,3,87
1765,3,102
1766,3,126
1767,3,115
1768,3,84
1769,3,141
1770,3,135
1771,3,162
1772,3,76
1773,3,64
1774,3,131
1775,3,119
1776,3,94
1777,3,128
1778,3,94
1779,3,118
1780,3,136
1781,3,173
1782,3,125
1783,3,101
1784,3,105
1785,3,71
1786,3,131
1787,3,86
1788,3,166
1789,3,95
1790,3,129
1791,3,173
1792,3,136
1793,3,75
1794,3,59
1795,3,144
1796,3,142
1797,3,138
1798,3,134
1799,3,87
1800,3,81
1801,3,87
1802,3,83
1803,3,86
1804,3,119
1805,3,130
1806,3,85
1807,3,146
1808,3,139
1809,3,67
1810,3,113
1811,3,146
1812,3,129
1813,3,85
1814,3,93
1815,3,117
1816,3,140
1817,3,145
1818,3,136
1819,3,158
1820,3,120
1821,3,128
1822,3,116
1823,3,171
1824,3,127
1825,3,88
1826,3,138
1827,3,78
1828,3,126
1829,3,85
1830,3,106
1831,3,114
1832,3,155
1833,3,143
1834,3,111
1835,3,160
1836,3,130
1837,3,129
1838,3,158
1839,3,130
1840,3,93
1841,3,154
1842,3,124
1843,3,135
1844,3,99
1845,3,153
1846,3,136
1847,3,107
1848,3,112
1849,3,125
1850,3,91
1851,3,97
1852,3,130
1853,3,205
1854,3,208
1855,3,163
1856,3,170
1857,3,162
1858,3,111
1859,3,94
1860,3,84
1861,3,124
1862,3,135
1863,3,137
1864,3,116
1865,3,73
1866,3,136
1867,3,143
1868,3,83
1869,3,82
1870,3,186
1871,3,141
1872,3,130
1873,3,107
1874,3,175
1875,3,126
1876,3,100
1877,3,150
1878,3,149
1879,3,125
1880,3,136
1881,3,145
1882,3,134
1883,3,111
1884,3,154
1885,3,122
1886,3,85
1887,3,126
1888,3,131
1889,3,109
1890,3,109
1891,3,99
1892,3,123
1893,3,113
1894,3,145
1895,3,155
1896,3,162
1897,3,92
1898,3,174
1899,3,117
1900,3,132
1901,3,124
1902,3,130
1903,3,80
1904,3,110
1905,3,156
1906,3,130
1907,3,150
1908,3,92
1909,3,116
1910,3,143
1911,3,149
1912,3,99
1913,3,97
1914,3,96
1915,3,159
1916,3,104
1917,3,121
1918,3,174
1919,3,90
1920,3,126
1921,3,83
1922,3,114
1923,3,87
1924,3,89
1925,3,90
1926,3,197
1927,3,122
1928,3,131
1929,3,142
1930,3,68
1931,3,110
1932,3,123
1933,3,98
1934,3,150
1935,3,153
1936,3,119
1937,3,114
1938,3,109
1939,3,120
1940,3,137
1941,3,81
1942,3,116
1943,3,141
1944,3,139
1945,3,120
1946,3,133
1947,3,104
1948,3,106
1949,3,130
1950,3,39
1951,3,160
1952,3,101
1953,3,130
1954,3,164
1955,3,119
1956,3,81
1957,3,135
1958,3,89
1959,3,93
1960,3,114
1961,3,82
1962,3,122
1963,3,106
1964,3,137
1965,3,114
1966,3,79
1967,3,106
1968,3,138
1969,3,100
1970,3,109
1971,3,78
1972,3,128
1973,3,115
1974,3,99
1975,3,103
1976,3,100
1977,3,91
1978,3,115
1979,3,204
1980,3,85
1981,3,108
1982,3,162
1983,3,140
1984,3,99
1985,3,43
1986,3,101
1987,3,136
1988,3,105
1989,3,144
1990,3,85
1991,3,141
1992,3,75
1993,3,154
1994,3,133
1995,3,139
1996,3,95
1997,3,57
1998,3,117
1999,3,122
2000,3,117
2001,4,108
2002,4,70
2003,4,111
2004,4,78
2005,4,119
2006,4,123
2007,4,96
2008,4,81
2009,4,129
2010,4,115
2011,4,117
2012,4,126
2013,4,57
2014,4,94
2015,4,75
2016,4,107
2017,4,84
2018,4,79
2019,4,137
2020,4,84
2021,4,130
2022,4,92
2023,4,91
2024,4,76
2025,4,119
2026,4,125
2027,4,84
2028,4,132
2029,4,74
2030,4,149
2031,4,113
2032,4,122
2033,4,91
2034,4,81
2035,4,105
2036,4,56
2037,4,134
2038,4,118
2039,4,114
2040,4,113
2041,4,95
2042,4,74
2043,4,67
2044,4,80
2045,4,94
2046,4,80
2047,4,124
2048,4,82
2049,4,100
2050,4,89
2051,4,72
2052,4,121
2053,4,130
2054,4,146
2055,4,122
2056,4,94
2057,4,140
2058,4,113
2059,4,108
2060,4,91
2061,4,99
2062,4,141
2063,4,99
2064,4,110
2065,4,95
2066,4,99
2067,4,71
2068,4,111
2069,4,73
2070,4,106
2071,4,90
2072,4,98
2073,4,105
2074,4,107
2075,4,81
2076,4,62
2077,4,64
2078,4,55
2079,4,128
2080,4,58
2081,4,79
2082,4,113
2083,4,85
2084,4,116
2085,4,120
2086,4,81
2087,4,83
2088,4,101
2089,4,88
2090,4,83
2091,4,80
2092,4,106
2093,4,89
2094,4,84
2095,4,105
2096,4,125
2097,4,79
2098,4,94
2099,4,95
2100,4,90
2101,4,122
2102,4,114
2103,4,135
2104,4,123
2105,4,87
2106,4,135
2107,4,121
2108,4,151
2109,4,66
2110,4,61
2111,4,126
2112,4,64
2113,4,107
2114,4,111
2115,4,93
2116,4,100
2117,4,73
2118,4,80
2119,4,76
2120,4,79
2121,4,146
2122,4,137
2123,4,70
2124,4,136
2125,4,95
2126,4,79
2127,4,94
2128,4,83
2129,4,124
2130,4,80
2131,4,125
2132,4,92
2133,4,101
2134,4,95
2135,4,87
2136,4,90
2137,4,138
2138,4,57
2139,4,109
2140,4,103
2141,4,76
2142,4,128
2143,4,109
2144,4,94
2145,4,135
2146,4,136
2147,4,123
2148,4,92
2149,4,116
2150,4,86
2151,4,103
2152,4,63
2153,4,125
2154,4,101
2155,4,105
2156,4,151
2157,4,111
2158,4,117
2159,4,72
2160,4,123
2161,4,99
2162,4,104
2163,4,81
2164,4,96
2165,4,115
2166,4,109
2167,4,95
2168,4,97
2169,4,101
2170,4,114
2171,4,91
2172,4,67
2173,4,60
2174,4,96
2175,4,104
2176,4,81
2177,4,87
2178,4,78
2179,4,169
2180,4,138
2181,4,160
2182,4,88
2183,4,104
2184,4,91
2185,4,113
2186,4,156
2187,4,115
2188,4,94
2189,4,51
2190,4,77
2191,4,71
2192,4,146
2193,4,90
2194,4,129
2195,4,149
2196,4,87
2197,4,102
2198,4,115
2199,4,144
2200,4,77
2201,4,85
2202,4,106
2203,4,61
2204,4,95
2205,4,91
2206,4,104
2207,4,93
2208,4,83
2209,4,114
2210,4,117
2211,4,76
2212,4,86
2213,4,95
2214,4,114
2215,4,112
2216,4,116
2217,4,70
2218,4,155
2219,4,85
2220,4,143
2221,4,120
2222,4,113
2223,4,96
2224,4,104
2225,4,121
2226,4,109
2227,4,99
2228,4,96
2229,4,114
2230,4,124
2231,4,80
2232,4,106
2233,4,58
2234,4,91
2235,4,116
2236,4,124
2237,4,114
2238,4,79
2239,4,94
2240,4,79
2241,4,89
2242,4,103
2243,4,98
2244,4,118
2245,4,92
2246,4,78
2247,4,69
2248,4,103
2249,4,113
2250,4,96
2251,4,159
2252,4,87
2253,4,111
2254,4,105
2255,4,87
2256,4,89
2257,4,62
2258,4,107
2259,4,86
2260,4,65
2261,4,116
2262,4,89
2263,4,112
2264,4,83
2265,4,103
2266,4,80
2267,4,156
2268,4,131
2269,4,109
2270,4,103
2271,4,90
2272,4,109
2273,4,81
2274,4,105
2275,4,114
2276,4,99
2277,4,93
2278,4,87
2279,4,132
2280,4,84
2281,4,189
2282,4,120
2283,4,86
2284,4,117
2285,4,61
2286,4,151
2287,4,100
2288,4,126
2289,4,91
2290,4,86
2291,4,89
2292,4,107
2293,4,74
2294,4,107
2295,4,113
2296,4,154
2297,4,76
2298,4,113
2299,4,170
2300,4,116
2301,4,81
2302,4,119
2303,4,119
2304,4,119
2305,4,111
2306,4,88
2307,4,124
2308,4,130
2309,4,89
2310,4,132
2311,4,80
2312,4,72
2313,4,116
2314,4,90
2315,4,61
2316,4,113
2317,4,96
2318,4,82
2319,4,114
2320,4,116
2321,4,94
2322,4,172
2323,4,70
2324,4,150
2325,4,122
2326,4,119
2327,4,113
2328,4,75
2329,4,109
2330,4,91
2331,4,76
2332,4,95
2333,4,89
2334,4,70
2335,4,107
2336,4,71
2337,4,72
2338,4,109
2339,4,113
2340,4,95
2341,4,117
2342,4,104
2343,4,109
2344,4,134
2345,4,122
2346,4,115
2347,4,121
2348,4,98
2349,4,102
2350,4,93
2351,4,123
2352,4,135
2353,4,110
2354,4,112
2355,4,132
2356,4,142
2357,4,95
2358,4,133
2359,4,143
2360,4,77
2361,4,68
2362,4,141
2363,4,119
2364,4,141
2365,4,92
2366,4,92
2367,4,65
2368,4,73
2369,4,122
2370,4,58
2371,4,172
2372,4,102
2373,4,94
2374,4,90
2375,4,92
2376,4,83
2377,4,86
2378,4,58
2379,4,94
2380,4,109
2381,4,74
2382,4,87
2383,4,66
2384,4,133
2385,4,101
2386,4,115
2387,4,120
2388,4,111
2389,4,109
2390,4,133
2391,4,160
2392,4,84
2393,4,114
2394,4,78
2395,4,94
2396,4,85
2397,4,146
2398,4,131
2399,4,155
2400,4,80
2401,4,100
2402,4,105
2403,4,109
2404,4,106
2405,4,126
2406,4,101
2407,4,92
2408,4,116
2409,4,60
2410,4,122
2411,4,105
2412,4,77
2413,4,124
2414,4,82
2415,4,111
2416,4,96
2417,4,145
2418,4,90
2419,4,88
2420,4,149
2421,4,76
2422,4,72
2423,4,77
2424,4,100
2425,4,105
2426,4,108
2427,4,120
2428,4,142
2429,4,82
2430,4,97
2431,4,130
2432,4,87
2433,4,92
2434,4,125
2435,4,92
2436,4,80
2437,4,83
2438,4,75
2439,4,110
2440,4,105
2441,4,112
2442,4,77
2443,4,108
2444,4,117
2445,4,68
2446,4,140
2447,4,144
2448,4,112
2449,4,159
2450,4,140
2451,4,115
2452,4,123
2453,4,79
2454,4,116
2455,4,98
2456,4,104
2457,4,114
2458,4,142
2459,4,95
2460,4,123
2461,4,97
2462,4,86
2463,4,99
2464,4,73
2465,4,72
2466,4,89
2467,4,99
2468,4,111
2469,4,77
2470,4,76
2471,4,122
2472,4,121
2473,4,60
2474,4,80
2475,4,79
2476,4,83
2477,4,104
2478,4,100
2479,4,71
2480,4,99
2481,4,100
2482,4,111
2483,4,78
2484,4,151
2485,4,85
2486,4,77
2487,4,60
2488,4,73
2489,4,122
2490,4,149
2491,4,107
2492,4,122
2493,4,112
2494,4,72
2495,4,71
2496,4,83
2497,4,135
2498,4,74
2499,4,132
2500,4,80
2501,5,136
2502,5,219
2503,5,118
2504,5,157
2505,5,88
2506,5,90
2507,5,74
2508,5,93
2509,5,96
2510,5,94
2511,5,139
2512,5,67
2513,5,70
2514,5,134
2515,5,111
2516,5,97
2517,5,91
2518,5,80
2519,5,100
2520,5,134
2521,5,71
2522,5,121
2523,5,159
2524,5,90
2525,5,113
2526,5,99
2527,5,113
2528,5,134
2529,5,71
2530,5,70
2531,5,142
2532,5,86
2533,5,113
2534,5,163
2535,5,73
2536,5,108
2537,5,131
2538,5,101
2539,5,95
2540,5,78
2541,5,91
2542,5,75
2543,5,99
2544,5,103
2545,5,56
2546,5,174
2547,5,111
2548,5,107
2549,5,126
2550,5,135
2551,5,47
2552,5,144
2553,5,105
2554,5,77
2555,5,103
2556,5,77
2557,5,79
2558,5,123
2559,5,103
2560,5,127
2561,5,113
2562,5,102
2563,5,110
2564,5,83
2565,5,70
2566,5,67
2567,5,103
2568,5,116
2569,5,142
2570,5,91
2571,5,90
2572,5,97
2573,5,81
2574,5,64
2575,5,114
2576,5,109
2577,5,105
2578,5,62
2579,5,95
2580,5,66
2581,5,87
2582,5,117
2583,5,115
2584,5,117
2585,5,75
2586,5,121
2587,5,150
2588,5,74
2589,5,133
2590,5,158
2591,5,90
2592,5,97
2593,5,164
2594,5,105
2595,5,61
2596,5,146
2597,5,109
2598,5,149
2599,5,111
2600,5,100
2601,5,181
2602,5,89
2603,5,76
2604,5,88
2605,5,86
2606,5,144
2607,5,154
2608,5,83
2609,5,135
2610,5,80
2611,5,77
2612,5,74
2613,5,61
2614,5,56
2615,5,115
2616,5,127
2617,5,104
2618,5,151
2619,5,96
2620,5,170
2621,5,136
2622,5,96
2623,5,90
2624,5,117
2625,5,117
2626,5,120
2627,5,129
2628,5,56
2629,5,109
2630,5,109
2631,5,143
2632,5,82
2633,5,66
2634,5,111
2635,5,90
2636,5,81
2637,5,85
2638,5,70
2639,5,104
2640,5,133
2641,5,117
2642,5,172
2643,5,190
2644,5,81
2645,5,148
2646,5,124
2647,5,198
2648,5,130
2649,5,97
2650,5,90
2651,5,93
2652,5,129
2653,5,142
2654,5,70
2655,5,127
2656,5,66
2657,5,128
2658,5,79
2659,5,103
2660,5,123
2661,5,85
2662,5,105
2663,5,132
2664,5,119
2665,5,68
2666,5,137
2667,5,182
2668,5,136
2669,5,109
2670,5,91
2671,5,123
2672,5,117
2673,5,117
2674,5,90
2675,5,109
2676,5,75
2677,5,80
2678,5,119
2679,5,96
2680,5,105
2681,5,136
2682,5,105
2683,5,78
2684,5,117
2685,5,83
2686,5,107
2687,5,143
2688,5,128
2689,5,122
2690,5,117
2691,5,86
2692,5,91
2693,5,131
2694,5,125
2695,5,85
2696,5,105
2697,5,95
2698,5,120
2699,5,109
2700,5,155
2701,5,106
2702,5,94
2703,5,84
2704,5,78
2705,5,120
2706,5,78
2707,5,128
2708,5,80
2709,5,123
2710,5,90
2711,5,125
2712,5,151
2713,5,114
2714,5,148
2715,5,72
2716,5,159
2717,5,114
2718,5,99
2719,5,75
2720,5,123
2721,5,103
2722,5,88
2723,5,186
2724,5,132
2725,5,120
2726,5,164
2727,5,83
2728,5,113
2729,5,189
2730,5,89
2731,5,95
2732,5,124
2733,5,104
2734,5,113
2735,5,135
2736,5,76
2737,5,110
2738,5,66
2739,5,125
2740,5,81
2741,5,89
2742,5,118
2743,5,82
2744,5,124
2745,5,103
2746,5,96
2747,5,95
2748,5,85
2749,5,141
2750,5,104
2751,5,111
2752,5,127
2753,5,87
2754,5,135
2755,5,107
2756,5,100
2757,5,113
2758,5,107
2759,5,97
2760,5,88
2761,5,151
2762,5,126
2763,5,105
2764,5,64
2765,5,149
2766,5,121
2767,5,111
2768,5,125
2769,5,133
2770,5,130
2771,5,129
2772,5,63
2773,5,161
2774,5,117
2775,5,96
2776,5,61
2777,5,102
2778,5,87
2779,5,145
2780,5,103
2781,5,110
2782,5,159
2783,5,104
2784,5,111
2785,5,82
2786,5,111
2787,5,79
2788,5,126
2789,5,72
2790,5,100
2791,5,188
2792,5,143
2793,5,131
2794,5,134
2795,5,134
2796,5,115
2797,5,74
2798,5,135
2799,5,115
2800,5,67
2801,5,90
2802,5,96
2803,5,153
2804,5,75
2805,5,86
2806,5,172
2807,5,98
2808,5,165
2809,5,174
2810,5,100
2811,5,101
2812,5,102
2813,5,110
2814,5,191
2815,5,108
2816,5,75
2817,5,78
2818,5,93
2819,5,99
2820,5,49
2821,5,80
2822,5,97
2823,5,129
2824,5,76
2825,5,97
2826,5,95
2827,5,119
2828,5,59
2829,5,110
2830,5,84
2831,5,96
2832,5,88
2833,5,95
2834,5,75
2835,5,135
2836,5,101
2837,5,84
2838,5,88
2839,5,149
2840,5,90
2841,5,74
2842,5,63
2843,5,89
2844,5,131
2845,5,41
2846,5,145
2847,5,103
2848,5,137
2849,5,77
2850,5,141
2851,5,127
2852,5,95
2853,5,134
2854,5,119
2855,5,92
2856,5,113
2857,5,121
2858,5,69
2859,5,126
2860,5,116
2861,5,106
2862,5,108
2863,5,117
2864,5,133
2865,5,116
2866,5,83
2867,5,96
2868,5,109
2869,5,103
2870,5,91
2871,5,149
2872,5,114
2873,5,172
2874,5,73
2875,5,130
2876,5,130
2877,5,137
2878,5,95
2879,5,88
2880,5,97
2881,5,114
2882,5,122
2883,5,88
2884,5,70
2885,5,97
2886,5,75
2887,5,87
2888,5,124
2889,5,107
2890,5,100
2891,5,104
2892,5,105
2893,5,97
2894,5,135
2895,5,93
2896,5,125
2897,5,72
2898,5,113
2899,5,136
2900,5,77
2901,5,93
2902,5,111
2903,5,74
2904,5,91
2905,5,64
2906,5,73
2907,5,88
2908,5,137
2909,5,110
2910,5,135
2911,5,113
2912,5,75
2913,5,92
2914,5,180
2915,5,159
2916,5,92
2917,5,103
2918,5,124
2919,5,154
2920,5,62
2921,5,105
2922,5,128
2923,5,134
2924,5,173
2925,5,71
2926,5,130
2927,5,129
2928,5,142
2929,5,127
2930,5,64
2931,5,58
2932,5,140
2933,5,127
2934,5,104
2935,5,102
2936,5,171
2937,5,64
2938,5,109
2939,5,86
2940,5,115
2941,5,103
2942,5,71
2943,5,93
2944,5,122
2945,5,106
2946,5,111
2947,5,105
2948,5,110
2949,5,136
2950,5,112
2951,5,139
2952,5,148
2953,5,77
2954,5,153
2955,5,130
2956,5,112
2957,5,119
2958,5,86
2959,5,55
2960,5,71
2961,5,77
2962,5,142
2963,5,127
2964,5,99
2965,5,161
2966,5,101
2967,5,93
2968,5,134
2969,5,107
2970,5,89
2971,5,64
2972,5,129
2973,5,91
2974,5,121
2975,5,101
2976,5,90
2977,5,120
2978,5,89
2979,5,84
2980,5,113
2981,5,86
2982,5,142
2983,5,125
2984,5,138
2985,5,80
2986,5,81
2987,5,148
2988,5,55
2989,5,127
2990,5,92
2991,5,95
2992,5,63
2993,5,117
2994,5,101
2995,5,59
2996,5,96
2997,5,77
2998,5,122
2999,5,103
3000,5,150
3001,6,138
3002,6,74
3003,6,118
3004,6,132
3005,6,120
3006,6,93
3007,6,123
3008,6,105
3009,6,66
3010,6,122
3011,6,154
3012,6,123
3013,6,111
3014,6,158
3015,6,80
3016,6,115
3017,6,115
3018,6,142
3019,6,106
3020,6,111
3021,6,86
3022,6,131
3023,6,92
3024,6,102
3025,6,110
3026,6,92
3027,6,87
3028,6,78
3029,6,87
3030,6,116
3031,6,110
3032,6,106
3033,6,98
3034,6,131
3035,6,130
3036,6,91
3037,6,122
3038,6,190
3039,6,79
3040,6,125
3041,6,113
3042,6,94
3043,6,129
3044,6,120
3045,6,125
3046,6,132
3047,6,133
3048,6,97
3049,6,79
3050,6,66
3051,6,124
3052,6,119
3053,6,128
3054,6,118
3055,6,159
3056,6,97
3057,6,58
3058,6,165
3059,6,128
3060,6,119
3061,6,94
3062,6,103
3063,6,102
3064,6,118
3065,6,99
3066,6,100
3067,6,67
3068,6,149
3069,6,113
3070,6,101
3071,6,118
3072,6,76
3073,6,116
3074,6,125
3075,6,123
3076,6,114
3077,6,123
3078,6,84
3079,6,137
3080,6,76
3081,6,112
3082,6,155
3083,6,79
3084,6,66
3085,6,123
3086,6,117
3087,6,146
3088,6,95
3089,6,139
3090,6,84
3091,6,155
3092,6,132
3093,6,73
3094,6,122
3095,6,121
3096,6,136
3097,6,147
3098,6,140
3099,6,92
3100,6,147
3101,6,119
3102,6,104
3103,6,84
3104,6,111
3105,6,105
3106,6,61
3107,6,137
3108,6,121
3109,6,124
3110,6,123
3111,6,119
3112,6,112
3113,6,118
3114,6,110
3115,6,93
3116,6,138
3117,6,141
3118,6,91
3119,6,72
3120,6,94
3121,6,173
3122,6,70
3123,6,172
3124,6,96
3125,6,93
3126,6,62
3127,6,60
3128,6,121
3129,6,129
3130,6,115
3131,6,133
3132,6,173
3133,6,120
3134,6,116
3135,6,95
3136,6,108
3137,6,99
3138,6,106
3139,6,145
3140,6,93
3141,6,87
3142,6,98
3143,6,112
3144,6,92
3145,6,88
3146,6,134
3147,6,161
3148,6,123
3149,6,85
3150,6,99
3151,6,141
3152,6,156
3153,6,126
3154,6,91
3155,6,110
3156,6,92
3157,6,103
3158,6,77
3159,6,102
3160,6,87
3161,6,143
3162,6,118
3163,6,96
3164,6,114
3165,6,95
3166,6,80
3167,6,150
3168,6,138
3169,6,105
3170,6,102
3171,6,126
3172,6,121
3173,6,174
3174,6,139
3175,6,119
3176,6,93
3177,6,170
3178,6,176
3179,6,60
3180,6,139
3181,6,128
3182,6,141
3183,6,168
3184,6,98
3185,6,145
3186,6,76
3187,6,109
3188,6,96
3189,6,153
3190,6,57
3191,6,112
3192,6,104
3193,6,175
3194,6,149
3195,6,96
3196,6,126
3197,6,85
3198,6,114
3199,6,141
3200,6,90
3201,6,103
3202,6,111
3203,6,145
3204,6,98
3205,6,97
3206,6,98
3207,6,115
3208,6,130
3209,6,92
3210,6,88
3211,6,74
3212,6,103
3213,6,132
3214,6,147
3215,6,81
3216,6,107
3217,6,82
3218,6,86
3219,6,103
3220,6,169
3221,6,119
3222,6,126
3223,6,156
3224,6,172
3225,6,93
3226,6,142
3227,6,108
3228,6,134
3229,6,70
3230,6,92
3231,6,209
3232,6,145
3233,6,92
3234,6,104
3235,6,86
3236,6,111
3237,6,105
3238,6,96
3239,6,100
3240,6,124
3241,6,214
3242,6,108
3243,6,87
3244,6,87
3245,6,81
3246,6,91
3247,6,130
3248,6,148
3249,6,112
3250,6,126
3251,6,126
3252,6,71
3253,6,100
3254,6,106
3255,6,86
3256,6,138
3257,6,139
3258,6,110
3259,6,103
3260,6,120
3261,6,127
3262,6,107
3263,6,99
3264,6,101
3265,6,130
3266,6,101
3267,6,143
3268,6,72
3269,6,103
3270,6,99
3271,6,126
3272,6,97
3273,6,152
3274,6,98
3275,6,97
3276,6,114
3277,6,76
3278,6,116
3279,6,139
3280,6,83
3281,6,65
3282,6,180
3283,6,128
3284,6,99
3285,6,144
3286,6,126
3287,6,142
3288,6,91
3289,6,92
3290,6,84
3291,6,119
3292,6,85
3293,6,124
3294,6,105
3295,6,146
3296,6,89
3297,6,110
3298,6,76
3299,6,67
3300,6,116
3301,6,98
3302,6,141
3303,6,109
3304,6,57
3305,6,122
3306,6,116
3307,6,94
3308,6,118
3309,6,136
3310,6,82
3311,6,67
3312,6,124
3313,6,75
3314,6,140
3315,6,57
3316,6,126
3317,6,110
3318,6,127
3319,6,131
3320,6,138
3321,6,103
3322,6,116
3323,6,89
3324,6,108
3325,6,110
3326,6,90
3327,6,88
3328,6,154
3329,6,133
3330,6,114
3331,6,116
3332,6,112
3333,6,114
3334,6,160
3335,6,158
3336,6,90
3337,6,158
3338,6,72
3339,6,232
3340,6,63
3341,6,92
3342,6,157
3343,6,115
3344,6,154
3345,6,172
3346,6,91
3347,6,90
3348,6,157
3349,6,136
3350,6,111
3351,6,142
3352,6,127
3353,6,137
3354,6,127
3355,6,112
3356,6,116
3357,6,82
3358,6,111
3359,6,84
3360,6,81
3361,6,129
3362,6,87
3363,6,98
3364,6,89
3365,6,103
3366,6,91
3367,6,128
3368,6,68
3369,6,101
3370,6,120
3371,6,121
3372,6,83
3373,6,95
3374,6,93
3375,6,82
3376,6,88
3377,6,131
3378,6,98
3379,6,80
3380,6,93
3381,6,79
3382,6,77
3383,6,85
3384,6,131
3385,6,100
3386,6,121
3387,6,175
3388,6,104
3389,6,102
3390,6,104
3391,6,101
3392,6,214
3393,6,127
3394,6,73
3395,6,111
3396,6,103
3397,6,96
3398,6,95
3399,6,114
3400,6,102
3401,6,127
3402,6,82
3403,6,64
3404,6,153
3405,6,172
3406,6,115
3407,6,147
3408,6,119
3409,6,106
3410,6,135
3411,6,101
3412,6,159
3413,6,121
3414,6,121
3415,6,201
3416,6,158
3417,6,103
3418,6,103
3419,6,123
3420,6,139
3421,6,186
3422,6,97
3423,6,147
3424,6,76
3425,6,182
3426,6,108
3427,6,115
3428,6,117
3429,6,130
3430,6,139
3431,6,141
3432,6,122
3433,6,124
3434,6,147
3435,6,107
3436,6,164
3437,6,128
3438,6,112
3439,6,92
3440,6,53
3441,6,75
3442,6,98
3443,6,116
3444,6,126
3445,6,75
3446,6,106
3447,6,113
3448,6,113
3449,6,114
3450,6,75
3451,6,89
3452,6,98
3453,6,129
3454,6,152
3455,6,107
3456,6,122
3457,6,72
3458,6,143
3459,6,176
3460,6,106
3461,6,100
3462,6,146
3463,6,58
3464,6,155
3465,6,106
3466,6,84
3467,6,129
3468,6,85
3469,6,180
3470,6,114
3471,6,120
3472,6,92
3473,6,107
3474,6,99
3475,6,93
3476,6,87
3477,6,109
3478,6,135
3479,6,89
3480,6,115
3481,6,151
3482,6,191
3483,6,149
3484,6,159
3485,6,128
3486,6,86
3487,6,83
3488,6,104
3489,6,97
3490,6,125
3491,6,80
3492,6,135
3493,6,66
3494,6,91
3495,6,101
3496,6,87
3497,6,77
3498,6,111
3499,6,103
3500,6,104
3501,7,62
3502,7,127
3503,7,92
3504,7,104
3505,7,95
3506,7,118
3507,7,94
3508,7,92
3509,7,108
3510,7,74
3511,7,64
3512,7,88
3513,7,87
3514,7,123
3515,7,105
3516,7,120
3517,7,84
3518,7,95
3519,7,78
3520,7,62
3521,7,73
3522,7,74
3523,7,52
3524,7,83
3525,7,174
3526,7,77
3527,7,103
3528,7,116
3529,7,90
3530,7,77
3531,7,82
3532,7,102
3533,7,67
3534,7,88
3535,7,87
3536,7,127
3537,7,50
3538,7,69
3539,7,74
3540,7,54
3541,7,105
3542,7,97
3543,7,66
3544,7,112
3545,7,116
3546,7,94
3547,7,112
3548,7,127
3549,7,107
3550,7,156
3551,7,106
3552,7,123
3553,7,89
3554,7,93
3555,7,99
3556,7,68
3557,7,96
3558,7,101
3559,7,66
3560,7,80
3561,7,74
3562,7,86
3563,7,133
3564,7,115
3565,7,121
3566,7,102
3567,7,79
3568,7,158
3569,7,60
3570,7,80
3571,7,127
3572,7,127
3573,7,58
3574,7,108
3575,7,135
3576,7,112
3577,7,81
3578,7,101
3579,7,119
3580,7,142
3581,7,107
3582,7,146
3583,7,100
3584,7,74
3585,7,114
3586,7,69
3587,7,79
3588,7,80
3589,7,101
3590,7,81
3591,7,76
3592,7,106
3593,7,54
3594,7,79
3595,7,122
3596,7,62
3597,7,122
3598,7,100
3599,7,137
3600,7,87
3601,7,87
3602,7,85
3603,7,87
3604,7,93
3605,7,104
3606,7,116
3607,7,81
3608,7,72
3609,7,93
3610,7,86
3611,7,79
3612,7,114
3613,7,100
3614,7,63
3615,7,96
3616,7,104
3617,7,124
3618,7,81
3619,7,122
3620,7,104
3621,7,176
3622,7,91
3623,7,104
3624,7,78
3625,7,100
3626,7,94
3627,7,87
3628,7,90
3629,7,94
3630,7,97
3631,7,81
3632,7,99
3633,7,80
3634,7,67
3635,7,95
3636,7,53
3637,7,103
3638,7,124
3639,7,114
3640,7,103
3641,7,116
3642,7,102
3643,7,109
3644,7,88
3645,7,75
3646,7,75
3647,7,85
3648,7,107
3649,7,81
3650,7,114
3651,7,106
3652,7,57
3653,7,90
3654,7,77
3655,7,58
3656,7,124
3657,7,76
3658,7,108
3659,7,93
3660,7,78
3661,7,110
3662,7,78
3663,7,140
3664,7,79
3665,7,72
3666,7,89
3667,7,103
3668,7,157
3669,7,90
3670,7,94
3671,7,86
3672,7,107
3673,7,86
3674,7,88
3675,7,56
3676,7,114
3677,7,111
3678,7,79
3679,7,89
3680,7,107
3681,7,125
3682,7,55
3683,7,80
3684,7,85
3685,7,78
3686,7,98
3687,7,75
3688,7,105
3689,7,59
3690,7,91
3691,7,112
3692,7,108
3693,7,144
3694,7,139
3695,7,83
3696,7,90
3697,7,124
3698,7,129
3699,7,110
3700,7,121
3701,7,90
3702,7,71
3703,7,82
3704,7,103
3705,7,87
3706,7,67
3707,7,69
3708,7,141
3709,7,92
3710,7,64
3711,7,67
3712,7,122
3713,7,65
3714,7,65
3715,7,80
3716,7,84
3717,7,97
3718,7,104
3719,7,68
3720,7,86
3721,7,120
3722,7,58
3723,7,90
3724,7,53
3725,7,132
3726,7,112
3727,7,56
3728,7,144
3729,7,107
3730,7,95
3731,7,86
3732,7,106
3733,7,105
3734,7,126
3735,7,73
3736,7,108
3737,7,56
3738,7,128
3739,7,84
3740,7,103
3741,7,63
3742,7,61
3743,7,106
3744,7,113
3745,7,103
3746,7,90
3747,7,99
3748,7,78
3749,7,77
3750,7,74
3751,7,94
3752,7,108
3753,7,105
3754,7,89
3755,7,123
3756,7,128
3757,7,130
3758,7,61
3759,7,74
3760,7,56
3761,7,120
3762,7,88
3763,7,105
3764,7,122
3765,7,95
3766,7,68
3767,7,111
3768,7,50
3769,7,82
3770,7,118
3771,7,63
3772,7,60
3773,7,115
3774,7,65
3775,7,92
3776,7,76
3777,7,90
3778,7,130
3779,7,122
3780,7,100
3781,7,145
3782,7,104
3783,7,98
3784,7,56
3785,7,89
3786,7,145
3787,7,108
3788,7,169
3789,7,122
3790,7,117
3791,7,89
3792,7,133
3793,7,100
3794,7,93
3795,7,97
3796,7,58
3797,7,91
3798,7,78
3799,7,74
3800,7,54
3801,7,96
3802,7,65
3803,7,121
3804,7,99
3805,7,76
3806,7,84
3807,7,92
3808,7,85
3809,7,79
3810,7,96
3811,7,108
3812,7,117
3813,7,90
3814,7,69
3815,7,103
3816,7,62
3817,7,159
3818,7,74
3819,7,80
3820,7,109
3821,7,114
3822,7,120
3823,7,116
3824,7,73
3825,7,100
3826,7,78
3827,7,151
3828,7,77
3829,7,141
3830,7,118
3831,7,106
3832,7,85
3833,7,94
3834,7,83
3835,7,98
3836,7,122
3837,7,110
3838,7,116
3839,7,143
3840,7,85
3841,7,71
3842,7,72
3843,7,118
3844,7,155
3845,7,128
3846,7,91
3847,7,99
3848,7,82
3849,7,76
3850,7,61
3851,7,124
3852,7,101
3853,7,101
3854,7,101
3855,7,92
3856,7,99
3857,7,63
3858,7,111
3859,7,71
3860,7,81
3861,7,78
3862,7,96
3863,7,110
3864,7,108
3865,7,79
3866,7,90
3867,7,125
3868,7,101
3869,7,131
3870,7,119
3871,7,108
3872,7,124
3873,7,86
3874,7,79
3875,7,148
3876,7,79
3877,7,90
3878,7,81
3879,7,86
3880,7,58
3881,7,109
3882,7,117
3883,7,76
3884,7,98
3885,7,99
3886,7,81
3887,7,65
3888,7,80
3889,7,65
3890,7,104
3891,7,68
3892,7,79
3893,7,92
3894,7,79
3895,7,87
3896,7,82
3897,7,109
3898,7,145
3899,7,90
3900,7,106
3901,7,135
3902,7,86
3903,7,52
3904,7,83
3905,7,78
3906,7,101
3907,7,92
3908,7,137
3909,7,104
3910,7,91
3911,7,74
3912,7,75
3913,7,141
3914,7,116
3915,7,78
3916,7,103
3917,7,119
3918,7,97
3919,7,51
3920,7,116
3921,7,154
3922,7,123
3923,7,146
3924,7,91
3925,7,96
3926,7,95
3927,7,85
3928,7,108
3929,7,62
3930,7,106
3931,7,107
3932,7,140
3933,7,110
3934,7,81
3935,7,121
3936,7,86
3937,7,123
3938,7,117
3939,7,84
3940,7,85
3941,7,84
3942,7,83
3943,7,86
3944,7,66
3945,7,86
3946,7,80
3947,7,112
3948,7,163
3949,7,95
3950,7,60
3951,7,126
3952,7,75
3953,7,142
3954,7,73
3955,7,95
3956,7,86
3957,7,90
3958,7,68
3959,7,85
3960,7,79
3961,7,159
3962,7,100
3963,7,72
3964,7,118
3965,7,84
3966,7,98
3967,7,125
3968,7,100
3969,7,73
3970,7,83
3971,7,142
3972,7,93
3973,7,87
3974,7,102
3975,7,117
3976,7,68
3977,7,81
3978,7,105
3979,7,112
3980,7,74
3981,7,94
3982,7,90
3983,7,113
3984,7,80
3985,7,51
3986,7,98
3987,7,128
3988,7,88
3989,7,72
3990,7,62
3991,7,67
3992,7,86
3993,7,77
3994,7,90
3995,7,109
3996,7,94
3997,7,93
3998,7,101
3999,7,68
4000,7,81
4001,8,196
4002,8,150
4003,8,92
4004,8,144
4005,8,125
4006,8,122
4007,8,143
4008,8,134
4009,8,86
4010,8,124
4011,8,166
4012,8,104
4013,8,142
4014,8,133
4015,8,104
4016,8,77
4017,8,163
4018,8,108
4019,8,89
4020,8,94
4021,8,115
4022,8,112
4023,8,71
4024,8,134
4025,8,79
4026,8,100
4027,8,87
4028,8,162
4029,8,154
4030,8,129
4031,8,137
4032,8,144
4033,8,127
4034,8,130
4035,8,144
4036,8,166
4037,8,158
4038,8,144
4039,8,145
4040,8,135
4041,8,104
4042,8,163
4043,8,108
4044,8,165
4045,8,136
4046,8,79
4047,8,115
4048,8,166
4049,8,150
4050,8,165
4051,8,76
4052,8,109
4053,8,165
4054,8,150
4055,8,162
4056,8,145
4057,8,117
4058,8,149
4059,8,102
4060,8,141
4061,8,142
4062,8,125
4063,8,119
4064,8,107
4065,8,130
4066,8,166
4067,8,100
4068,8,191
4069,8,117
4070,8,152
4071,8,117
4072,8,108
4073,8,141
4074,8,134
4075,8,179
4076,8,108
4077,8,122
4078,8,95
4079,8,151
4080,8,125
4081,8,132
4082,8,101
4083,8,145
4084,8,108
4085,8,122
4086,8,149
4087,8,129
4088,8,89
4089,8,112
4090,8,94
4091,8,170
4092,8,96
4093,8,148
4094,8,145
4095,8,128
4096,8,135
4097,8,151
4098,8,120
4099,8,159
4100,8,110
4101,8,86
4102,8,109
4103,8,193
4104,8,117
4105,8,111
4106,8,104
4107,8,116
4108,8,129
4109,8,124
4110,8,122
4111,8,126
4112,8,186
4113,8,128
4114,8,102
4115,8,95
4116,8,122
4117,8,133
4118,8,139
4119,8,152
4120,8,114
4121,8,144
4122,8,151
4123,8,198
4124,8,125
4125,8,147
4126,8,138
4127,8,139
4128,8,171
4129,8,128
4130,8,159
4131,8,123
4132,8,201
4133,8,117
4134,8,125
4135,8,143
4136,8,75
4137,8,114
4138,8,143
4139,8,125
4140,8,113
4141,8,138
4142,8,120
4143,8,97
4144,8,159
4145,8,154
4146,8,114
4147,8,153
4148,8,113
4149,8,154
4150,8,127
4151,8,170
4152,8,128
4153,8,148
4154,8,99
4155,8,101
4156,8,91
4157,8,109
4158,8,100
4159,8,128
4160,8,182
4161,8,131
4162,8,110
4163,8,137
4164,8,118
4165,8,143
4166,8,100
4167,8,90
4168,8,89
4169,8,130
4170,8,111
4171,8,199
4172,8,151
4173,8,103
4174,8,113
4175,8,93
4176,8,122
4177,8,131
4178,8,99
4179,8,107
4180,8,151
4181,8,145
4182,8,90
4183,8,96
4184,8,127
4185,8,200
4186,8,91
4187,8,113
4188,8,105
4189,8,145
4190,8,93
4191,8,150
4192,8,138
4193,8,133
4194,8,95
4195,8,108
4196,8,91
4197,8,69
4198,8,87
4199,8,74
4200,8,92
4201,8,187
4202,8,165
4203,8,124
4204,8,154
4205,8,132
4206,8,108
4207,8,141
4208,8,109
4209,8,109
4210,8,158
4211,8,90
4212,8,96
4213,8,172
4214,8,108
4215,8,125
4216,8,126
4217,8,143
4218,8,120
4219,8,128
4220,8,119
4221,8,161
4222,8,97
4223,8,113
4224,8,127
4225,8,118
4226,8,138
4227,8,108
4228,8,132
4229,8,114
4230,8,117
4231,8,110
4232,8,111
4233,8,131
4234,8,106
4235,8,99
4236,8,106
4237,8,112
4238,8,106
4239,8,137
4240,8,100
4241,8,104
4242,8,76
4243,8,93
4244,8,149
4245,8,106
4246,8,88
4247,8,165
4248,8,114
4249,8,107
4250,8,94
4251,8,165
4252,8,143
4253,8,75
4254,8,161
4255,8,118
4256,8,137
4257,8,97
4258,8,109
4259,8,161
4260,8,156
4261,8,147
4262,8,113
4263,8,106
4264,8,129
4265,8,144
4266,8,123
4267,8,109
4268,8,135
4269,8,113
4270,8,122
4271,8,100
4272,8,136
4273,8,104
4274,8,94
4275,8,135
4276,8,81
4277,8,150
4278,8,103
4279,8,68
4280,8,87
4281,8,163
4282,8,141
4283,8,100
4284,8,112
4285,8,148
4286,8,101
4287,8,165
4288,8,167
4289,8,104
4290,8,89
4291,8,100
4292,8,88
4293,8,145
4294,8,86
4295,8,117
4296,8,95
4297,8,165
4298,8,172
4299,8,138
4300,8,99
4301,8,127
4302,8,85
4303,8,102
4304,8,191
4305,8,140
4306,8,97
4307,8,71
4308,8,153
4309,8,156
4310,8,99
4311,8,108
4312,8,130
4313,8,112
4314,8,114
4315,8,85
4316,8,160
4317,8,86
4318,8,115
4319,8,128
4320,8,111
4321,8,110
4322,8,139
4323,8,67
4324,8,164
4325,8,179
4326,8,131
4327,8,121
4328,8,145
4329,8,135
4330,8,101
4331,8,139
4332,8,165
4333,8,114
4334,8,128
4335,8,121
4336,8,137
4337,8,158
4338,8,160
4339,8,126
4340,8,146
4341,8,120
4342,8,183
4343,8,80
4344,8,81
4345,8,122
4346,8,93
4347,8,98
4348,8,140
4349,8,115
4350,8,156
4351,8,157
4352,8,107
4353,8,83
4354,8,128
4355,8,70
4356,8,138
4357,8,78
4358,8,95
4359,8,155
4360,8,147
4361,8,76
4362,8,130
4363,8,112
4364,8,80
4365,8,145
4366,8,79
4367,8,152
4368,8,169
4369,8,79
4370,8,112
4371,8,143
4372,8,142
4373,8,167
4374,8,187
4375,8,141
4376,8,148
4377,8,121
4378,8,107
4379,8,156
4380,8,178
4381,8,130
4382,8,97
4383,8,124
4384,8,86
4385,8,94
4386,8,117
4387,8,139
4388,8,131
4389,8,108
4390,8,158
4391,8,87
4392,8,120
4393,8,123
4394,8,154
4395,8,161
4396,8,155
4397,8,113
4398,8,73
4399,8,162
4400,8,111
4401,8,135
4402,8,66
4403,8,122
4404,8,111
4405,8,108
4406,8,96
4407,8,133
4408,8,99
4409,8,105
4410,8,161
4411,8,112
4412,8,138
4413,8,90
4414,8,120
4415,8,106
4416,8,130
4417,8,101
4418,8,88
4419,8,110
4420,8,87
4421,8,99
4422,8,121
4423,8,98
4424,8,108
4425,8,108
4426,8,112
4427,8,158
4428,8,156
4429,8,175
4430,8,96
4431,8,156
4432,8,103
4433,8,152
4434,8,135
4435,8,169
4436,8,185
4437,8,165
4438,8,117
4439,8,129
4440,8,117
4441,8,100
4442,8,100
4443,8,122
4444,8,136
4445,8,91
4446,8,100
4447,8,231
4448,8,123
4449,8,94
4450,8,102
4451,8,136
4452,8,105
4453,8,106
4454,8,111
4455,8,196
4456,8,109
4457,8,138
4458,8,170
4459,8,166
4460,8,131
4461,8,104
4462,8,154
4463,8,120
4464,8,75
4465,8,118
4466,8,161
4467,8,158
4468,8,126
4469,8,79
4470,8,88
4471,8,100
4472,8,116
4473,8,107
4474,8,99
4475,8,89
4476,8,97
4477,8,86
4478,8,126
4479,8,151
4480,8,133
4481,8,174
4482,8,149
4483,8,92
4484,8,83
4485,8,127
4486,8,95
4487,8,92
4488,8,96
4489,8,159
4490,8,170
4491,8,121
4492,8,162
4493,8,115
4494,8,147
4495,8,166
4496,8,108
4497,8,134
4498,8,109
4499,8,130
4500,8,139
4501,9,88
4502,9,88
4503,9,114
4504,9,43
4505,9,98
4506,9,83
4507,9,124
4508,9,75
4509,9,113
4510,9,128
4511,9,83
4512,9,106
4513,9,104
4514,9,80
4515,9,104
4516,9,130
4517,9,110
4518,9,98
4519,9,84
4520,9,81
4521,9,70
4522,9,81
4523,9,116
4524,9,113
4525,9,107
4526,9,123
4527,9,132
4528,9,103
4529,9,102
4530,9,110
4531,9,146
4532,9,115
4533,9,115
4534,9,122
4535,9,123
4536,9,113
4537,9,115
4538,9,119
4539,9,96
4540,9,135
4541,9,106
4542,9,101
4543,9,117
4544,9,124
4545,9,91
4546,9,106
4547,9,115
4548,9,100
4549,9,121
4550,9,157
4551,9,108
4552,9,105
4553,9,86
4554,9,131
4555,9,67
4556,9,120
4557,9,175
4558,9,148
4559,9,79
4560,9,125
4561,9,78
4562,9,132
4563,9,145
4564,9,104
4565,9,140
4566,9,137
4567,9,156
4568,9,98
4569,9,88
4570,9,84
4571,9,124
4572,9,107
4573,9,138
4574,9,112
4575,9,103
4576,9,96
4577,9,136
4578,9,110
4579,9,65
4580,9,82
4581,9,108
4582,9,135
4583,9,93
4584,9,147
4585,9,106
4586,9,149
4587,9,122
4588,9,99
4589,9,120
4590,9,72
4591,9,83
4592,9,127
4593,9,60
4594,9,90
4595,9,200
4596,9,109
4597,9,102
4598,9,114
4599,9,155
4600,9,111
4601,9,84
4602,9,80
4603,9,112
4604,9,79
4605,9,105
4606,9,154
4607,9,90
4608,9,107
4609,9,92
4610,9,117
4611,9,66
4612,9,109
4613,9,81
4614,9,87
4615,9,125
4616,9,139
4617,9,126
4618,9,96
4619,9,101
4620,9,107
4621,9,105
4622,9,112
4623,9,108
4624,9,83
4625,9,125
4626,9,92
4627,9,143
4628,9,114
4629,9,68
4630,9,99
4631,9,62
4632,9,91
4633,9,87
4634,9,72
4635,9,94
4636,9,75
4637,9,73
4638,9,96
4639,9,71
4640,9,84
4641,9,90
4642,9,113
4643,9,88
4644,9,117
4645,9,53
4646,9,65
4647,9,107
4648,9,142
4649,9,78
4650,9,113
4651,9,125
4652,9,121
4653,9,119
4654,9,113
4655,9,166
4656,9,89
4657,9,78
4658,9,98
4659,9,100
4660,9,162
4661,9,73
4662,9,77
4663,9,70
4664,9,99
4665,9,126
4666,9,102
4667,9,119
4668,9,91
4669,9,100
4670,9,158
4671,9,126
4672,9,129
4673,9,132
4674,9,128
4675,9,104
4676,9,109
4677,9,77
4678,9,109
4679,9,123
4680,9,69
4681,9,122
4682,9,109
4683,9,106
4684,9,87
4685,9,83
4686,9,105
4687,9,145
4688,9,92
4689,9,102
4690,9,92
4691,9,143
4692,9,85
4693,9,79
4694,9,115
4695,9,172
4696,9,82
4697,9,207
4698,9,95
4699,9,137
4700,9,83
4701,9,91
4702,9,90
4703,9,101
4704,9,134
4705,9,141
4706,9,90
4707,9,79
4708,9,58
4709,9,102
4710,9,82
4711,9,171
4712,9,71
4713,9,87
4714,9,102
4715,9,123
4716,9,78
4717,9,55
4718,9,94
4719,9,92
4720,9,74
4721,9,124
4722,9,107
4723,9,179
4724,9,196
4725,9,84
4726,9,79
4727,9,95
4728,9,91
4729,9,93
4730,9,81
4731,9,99
4732,9,122
4733,9,108
4734,9,113
4735,9,129
4736,9,149
4737,9,93
4738,9,103
4739,9,75
4740,9,89
4741,9,79
4742,9,119
4743,9,69
4744,9,118
4745,9,104
4746,9,83
4747,9,75
4748,9,82
4749,9,73
4750,9,83
4751,9,84
4752,9,91
4753,9,118
4754,9,118
4755,9,81
4756,9,70
4757,9,77
4758,9,103
4759,9,102
4760,9,101
4761,9,110
4762,9,116
4763,9,88
4764,9,77
4765,9,65
4766,9,129
4767,9,100
4768,9,69
4769,9,119
4770,9,122
4771,9,84
4772,9,85
4773,9,72
4774,9,82
4775,9,135
4776,9,87
4777,9,80
4778,9,125
4779,9,100
4780,9,122
4781,9,94
4782,9,108
4783,9,98
4784,9,85
4785,9,126
4786,9,93
4787,9,81
4788,9,89
4789,9,97
4790,9,97
4791,9,74
4792,9,125
4793,9,187
4794,9,94
4795,9,90
4796,9,91
4797,9,115
4798,9,113
4799,9,112
4800,9,96
4801,9,130
4802,9,105
4803,9,102
4804,9,146
4805,9,102
4806,9,61
4807,9,100
4808,9,139
4809,9,118
4810,9,100
4811,9,96
4812,9,112
4813,9,93
4814,9,122
4815,9,98
4816,9,153
4817,9,107
4818,9,155
4819,9,122
4820,9,90
4821,9,81
4822,9,82
4823,9,79
4824,9,90
4825,9,109
4826,9,72
4827,9,114
4828,9,78
4829,9,85
4830,9,103
4831,9,112
4832,9,98
4833,9,80
4834,9,79
4835,9,78
4836,9,84
4837,9,118
4838,9,102
4839,9,101
4840,9,105
4841,9,83
4842,9,98
4843,9,72
4844,9,82
4845,9,75
4846,9,84
4847,9,106
4848,9,114
4849,9,73
4850,9,89
4851,9,80
4852,9,111
4853,9,92
4854,9,108
4855,9,102
4856,9,87
4857,9,92
4858,9,98
4859,9,94
4860,9,137
4861,9,101
4862,9,75
4863,9,86
4864,9,118
4865,9,113
4866,9,87
4867,9,76
4868,9,81
4869,9,86
4870,9,108
4871,9,133
4872,9,96
4873,9,139
4874,9,69
4875,9,158
4876,9,109
4877,9,142
4878,9,98
4879,9,94
4880,9,99
4881,9,100
4882,9,86
4883,9,95
4884,9,68
4885,9,124
4886,9,144
4887,9,123
4888,9,77
4889,9,156
4890,9,110
4891,9,90
4892,9,127
4893,9,173
4894,9,86
4895,9,115
4896,9,89
4897,9,99
4898,9,146
4899,9,106
4900,9,125
4901,9,93
4902,9,111
4903,9,94
4904,9,90
4905,9,66
4906,9,162
4907,9,147
4908,9,78
4909,9,89
4910,9,141
4911,9,162
4912,9,137
4913,9,148
4914,9,90
4915,9,77
4916,9,75
4917,9,74
4918,9,151
4919,9,69
4920,9,98
4921,9,94
4922,9,79
4923,9,103
4924,9,103
4925,9,117
4926,9,106
4927,9,68
4928,9,97
4929,9,89
4930,9,118
4931,9,96
4932,9,73
4933,9,114
4934,9,160
4935,9,96
4936,9,99
4937,9,107
4938,9,107
4939,9,102
4940,9,130
4941,9,85
4942,9,94
4943,9,130
4944,9,143
4945,9,126
4946,9,60
4947,9,108
4948,9,94
4949,9,68
4950,9,119
4951,9,108
4952,9,99
4953,9,95
4954,9,94
4955,9,130
4956,9,72
4957,9,73
4958,9,139
4959,9,82
4960,9,115
4961,9,96
4962,9,104
4963,9,95
4964,9,114
4965,9,91
4966,9,103
4967,9,85
4968,9,157
4969,9,120
4970,9,104
4971,9,157
4972,9,94
4973,9,85
4974,9,68
4975,9,101
4976,9,95
4977,9,98
4978,9,75
4979,9,96
4980,9,118
4981,9,154
4982,9,91
4983,9,88
4984,9,106
4985,9,127
4986,9,70
4987,9,99
4988,9,154
4989,9,99
4990,9,85
4991,9,121
4992,9,87
4993,9,79
4994,9,78
4995,9,85
4996,9,73
4997,9,81
4998,9,81
4999,9,91
5000,9,88
