"i","j","W2_squared"
1,2,0.021354797062858
1,503,0.123007227582391
501,502,0.017627448334795
501,1003,0.119573804934799
1001,1002,0.0680241325175201
1001,1503,0.0644469920706973
1501,1502,0.0656410256410256
1501,2003,0.073278216488093
2001,2002,0.0200085643158345
2001,2503,0.0779232186081596
2501,2502,0.0287888987265237
2501,3003,0.0401579896797947
3001,3002,0.0540164426369472
3001,3503,0.0858432237927675
3501,3502,0.0236412105197324
3501,4003,0.0628962035642208
4001,4002,0.0789451583102376
4001,4503,0.0700271156040208
4501,4502,0.0100386581868063
4501,3,0.0366075016280777
