0,0,0,0,0,0,0,0,0,0,0,0,0,0,0,0,0,0,0,0,0,0,0,0,0,0,0,0
0,0,0,0,0,0,0,0,0,0,0,0,0,0,0,0,0,0,0,0,0,0,0,0,0,0,0,0
0,0,0,0,0,0,0,0,0,0,0,0,0,0,0,0,0,0,0,0,0,0,0,0,0,0,0,0
0,0,0,0,0,0,0,0,0,0,0,0,0,0,0,0,0.00054652551464486,0.00516162986053478,0.00512114648907961,0.00419002894561059,0.000526283828917272,0,0,0,0,0,0,0
0,0,0,0,0,0,0,0,0,0,0,0,0,0,0,0.00038459202882416,0.00366374511669332,0.00512114648907961,0.00510090480335202,0.00510090480335202,0.00368398680242091,0,0,0,0,0,0,0
0,0,0,0,0,0,0,0,0,0,0,0,0,0,0,0.0017610266583001,0.00510090480335202,0.00512114648907961,0.00510090480335202,0.00510090480335202,0.00485800457462097,0.00135619294374836,0,0,0,0,0,0
0,0,0,0,0,0,6.07250571827622e-05,0.000587008886100034,0.000323866971641398,0,0,0,0,0,0,0.00394712871687954,0.00510090480335202,0.00512114648907961,0.00477703783171062,0.00510090480335202,0.00510090480335202,0.00204441025848633,0,0,0,0,0,0
0,0,0,0,0,0.000627492257555209,0.00307673623059328,0.00512114648907961,0.00410906220270024,0.0019229601441208,0,0,0,0,0,0.00394712871687954,0.00510090480335202,0.00512114648907961,0.00101208428637937,0.00477703783171062,0.00510090480335202,0.00455437928870716,0,0,0,0,0,0
0,0,0,0,0.00170030160111734,0.00512114648907961,0.00512114648907961,0.00516162986053478,0.00512114648907961,0.00512114648907961,0.00242900228731049,0,0,0,0.00170030160111734,0.00512114648907961,0.00512114648907961,0.00230755217294496,0,0.00455437928870716,0.00512114648907961,0.00457462097443475,0,0,0,0,0,0
0,0,0,0,0.00263141914458636,0.00510090480335202,0.00510090480335202,0.00512114648907961,0.00510090480335202,0.00510090480335202,0.0049794546889865,0.00248972734449325,0,0,0.00170030160111734,0.00510090480335202,0.00510090480335202,0.00228731048721738,0,0.00200392688703115,0.00510090480335202,0.00473655446025545,0.000769184057648321,0,0,0,0,0
0,0,0,0.000506042143189685,0.0046555877173451,0.00510090480335202,0.0049794546889865,0.0024087606015829,0.00394712871687954,0.00495921300325891,0.00510090480335202,0.0049794546889865,0.00242900228731049,0,0.00390664534542437,0.00510090480335202,0.0049794546889865,0.00178126834402769,0,0.00170030160111734,0.00510090480335202,0.00510090480335202,0.00228731048721738,0,0,0,0,0
0,0,0,0.00226706880148979,0.00510090480335202,0.00510090480335202,0.00263141914458636,0,0,0.00149788474384147,0.0040078537740623,0.00510090480335202,0.00512114648907961,0.00342084488796227,0.00489848794607615,0.00510090480335202,0.00455437928870716,0,0,0.000566767200372447,0.0043317207457037,0.00510090480335202,0.00228731048721738,0,0,0,0,0
0,0,0,0.00382567860251402,0.00510090480335202,0.00447341254579681,0.000769184057648321,0,0,0,0.000506042143189685,0.00412930388842783,0.00512114648907961,0.00510090480335202,0.00510090480335202,0.00510090480335202,0.00295528611622776,0,0,0,0.00394712871687954,0.00510090480335202,0.00228731048721738,0,0,0,0,0
0,0,0,0.00512114648907961,0.00512114648907961,0.0040078537740623,0,0,0,0,0,0.000303625285913811,0.00412930388842783,0.00512114648907961,0.00512114648907961,0.00512114648907961,0.00174078497257252,0,0,0,0.00396737040260713,0.00512114648907961,0.00230755217294496,0,0,0,0,0
0,0,0,0.00510090480335202,0.00510090480335202,0.00398761208833472,0,0,0,0,0,0,0.00190271845839321,0.00510090480335202,0.00510090480335202,0.00510090480335202,0.00265166083031395,0,0,0,0.00394712871687954,0.00510090480335202,0.00228731048721738,0,0,0,0,0
0,0,0,0.00510090480335202,0.00510090480335202,0.00398761208833472,0,0,0,0,0,0,0.0022468271157622,0.00510090480335202,0.00510090480335202,0.00510090480335202,0.0049794546889865,0.00180151002975528,0,0.00133595125802077,0.00483776288889339,0.00510090480335202,0.00228731048721738,0,0,0,0,0
0,0,0,0.00510090480335202,0.00510090480335202,0.00398761208833472,0,0,0,0,0,6.07250571827622e-05,0.00309697791632087,0.00510090480335202,0.00510090480335202,0.00510090480335202,0.00510090480335202,0.00419002894561059,0.000323866971641398,0.00358277837378297,0.00510090480335202,0.00510090480335202,0.00228731048721738,0,0,0,0,0
0,0,0,0.00510090480335202,0.00510090480335202,0.00459486266016234,0.000971600914924195,0,0,0,0,0.00214561868712426,0.00512114648907961,0.00510090480335202,0.00510090480335202,0.00350181163087262,0.00510090480335202,0.00512114648907961,0.00410906220270024,0.00483776288889339,0.00510090480335202,0.00479727951743821,0.00101208428637937,0,0,0,0,0
0,0,0,0.00512114648907961,0.00512114648907961,0.00512114648907961,0.00172054328684493,0,0,0,0.0024087606015829,0.00512114648907961,0.00516162986053478,0.00512114648907961,0.00218610205857944,0,0.00054652551464486,0.00516162986053478,0.00512114648907961,0.00512114648907961,0.00512114648907961,0.00329939477359675,0,0,0,0,0,0
0,0,0,0.0025706940874036,0.00510090480335202,0.00510090480335202,0.00283383600186223,0.00172054328684493,0.00172054328684493,0.00263141914458636,0.0049794546889865,0.00510090480335202,0.00512114648907961,0.0043317207457037,0.00038459202882416,0,0.000242900228731049,0.0038459202882416,0.00510090480335202,0.00510090480335202,0.00471631277452786,0.00115377608647248,0,0,0,0,0,0
0,0,0,0.0017610266583001,0.00495921300325891,0.00510090480335202,0.00510090480335202,0.00512114648907961,0.00510090480335202,0.00510090480335202,0.00510090480335202,0.00510090480335202,0.00512114648907961,0.000627492257555209,0,0,0.000121450114365524,0.00333987814505192,0.00510090480335202,0.00510090480335202,0.00485800457462097,0.00198368520130356,0,0,0,0,0,0
0,0,0,0,0.00261117745885877,0.00510090480335202,0.00510090480335202,0.00512114648907961,0.00510090480335202,0.00510090480335202,0.0049794546889865,0.00263141914458636,0.00170030160111734,0,0,0,0,0.000951359229196607,0.00170030160111734,0.00261117745885877,0.00495921300325891,0.00491872963180374,0.00186223508693804,0,0,0,0,0
0,0,0,0,0.000748942371920734,0.00285407768758982,0.00510090480335202,0.00512114648907961,0.00510090480335202,0.00414954557415542,0.00178126834402769,0,0,0,0,0,0,0,0,0,0.00238851891585531,0.00510090480335202,0.00352205331660021,0,0,0,0,0
0,0,0,0,0,0,0,0,0,0,0,0,0,0,0,0,0,0,0,0,0,0,0,0,0,0,0,0
0,0,0,0,0,0,0,0,0,0,0,0,0,0,0,0,0,0,0,0,0,0,0,0,0,0,0,0
0,0,0,0,0,0,0,0,0,0,0,0,0,0,0,0,0,0,0,0,0,0,0,0,0,0,0,0
0,0,0,0,0,0,0,0,0,0,0,0,0,0,0,0,0,0,0,0,0,0,0,0,0,0,0,0
0,0,0,0,0,0,0,0,0,0,0,0,0,0,0,0,0,0,0,0,0,0,0,0,0,0,0,0
