"rep","support","identical_inputs","identical_output","max_pointwise_difference","w2_between_outputs","full_mean_deviation","half_mean_deviation","full_iterations","half_iterations"
1,10,TRUE,FALSE,1.05321157783944e-05,5.15177198899194e-06,3.40840276735949e-15,2.11653853022461e-09,12,28
1,25,TRUE,FALSE,0.052342947407322,0.0214919853586408,2.49877267467519e-15,2.2640991339419e-13,15,41
1,50,TRUE,FALSE,0.342282151816237,0.146714504140872,2.77139109802574e-15,4.97305351182903e-13,20,40
1,100,TRUE,FALSE,0.374961924459555,0.112606719313758,2.90705703349129e-15,2.55340137693691e-12,10,35
1,200,TRUE,FALSE,0.448454856677977,0.0892874318422482,2.84193240855273e-15,6.1539324236731e-11,15,31
1,500,TRUE,FALSE,0.436853446348256,0.086908827709705,2.93580000802537e-15,1.39706160028315e-10,14,29
2,10,TRUE,FALSE,0.748029681812456,0.430842436128954,3.74566609014634e-15,3.30093036178669e-15,26,98
2,25,TRUE,FALSE,0.204676808537255,0.110809858425147,3.39844327457461e-15,3.20981536238764e-10,12,31
2,50,TRUE,FALSE,0.516577296052328,0.157693512733511,4.93144021496424e-15,5.03952980885771e-12,17,35
2,100,TRUE,FALSE,0.307108289336082,0.0991782975574875,3.9751566016584e-15,1.4309854650493e-11,10,32
2,200,TRUE,FALSE,0.398127999438362,0.0750272741276451,3.85392938844426e-15,9.14095144024614e-12,11,33
2,500,TRUE,FALSE,0.482379885180588,0.0720467668732546,3.41698078643313e-15,2.23081221827792e-11,10,30
3,10,TRUE,FALSE,0.0618558864732641,0.0373120020301665,1.95001437999779e-15,3.21629521612876e-15,20,49
3,25,TRUE,FALSE,0.757376957138288,0.25996141864484,1.66995405909046e-15,7.36187539822648e-15,21,45
3,50,TRUE,FALSE,0.293972055236301,0.119047781453033,1.1866928732136e-15,4.88932664981207e-12,12,35
3,100,TRUE,FALSE,0.920529301452147,0.191726039567614,1.24745797326599e-15,4.20493862233949e-12,7,36
3,200,TRUE,FALSE,0.622407195675158,0.0919019048324049,1.57107346000328e-15,1.65840556235585e-09,9,26
3,500,TRUE,FALSE,0.901329194716267,0.0967596447083847,1.34378268922377e-15,2.86561565385291e-08,12,22
