image_id,actual,predicted
3713,7,7
3307,6,8
4613,9,9
2811,5,2
2663,5,3
3308,6,8
2954,5,5
451,0,0
1229,2,8
4568,9,9
4860,9,7
1298,2,2
3721,7,7
2350,4,8
100,0,0
4489,8,5
4833,9,9
4413,8,3
4927,9,1
880,1,5
1099,2,2
2378,4,9
672,1,1
714,1,9
4163,8,8
2474,4,0
3846,7,7
667,1,9
1654,3,3
2254,4,6
2063,4,4
2270,4,9
2175,4,8
2906,5,9
696,1,1
4109,8,8
1159,2,8
1719,3,3
2084,4,9
2935,5,3
486,0,0
164,0,0
3328,6,6
651,1,9
724,1,1
3371,6,8
2075,4,4
1811,3,5
2304,4,9
2329,4,9
1655,3,5
2380,4,4
3,0,6
4064,8,8
2847,5,5
4783,9,9
40,0,5
4005,8,8
1769,3,3
4098,8,5
546,1,1
2638,5,8
4341,8,3
3948,7,7
3914,7,7
3880,7,1
4992,9,9
909,1,1
4926,9,9
1242,2,2
1357,2,8
3422,6,8
4250,8,8
2611,5,3
2121,4,0
3534,7,3
3198,6,6
2940,5,3
404,0,0
395,0,5
590,1,1
2613,5,3
691,1,1
1045,2,2
652,1,1
2332,4,4
1345,2,5
833,1,1
4866,9,9
4183,8,8
1667,3,6
1589,3,5
4583,9,8
1999,3,5
4654,9,9
3638,7,9
75,0,0
2076,4,9
1859,3,3
1522,3,3
4349,8,8
3418,6,6
3118,6,6
2411,4,9
2302,4,9
479,0,0
3014,6,6
2856,5,5
1391,2,8
1538,3,3
3552,7,7
2404,4,9
3622,7,7
4751,9,5
3810,7,9
1583,3,3
4518,9,9
1596,3,9
2372,4,9
4555,9,9
4760,9,8
1272,2,5
2503,5,5
834,1,1
209,0,0
230,0,5
2442,4,8
2702,5,5
3764,7,5
637,1,1
4534,9,0
3754,7,4
4281,8,3
4877,9,7
979,1,9
2259,4,8
4882,9,8
3605,7,7
3351,6,6
4713,9,9
3466,6,9
335,0,3
3432,6,6
547,1,1
4607,9,9
2583,5,3
634,1,1
1916,3,3
4046,8,8
4486,8,8
1401,2,3
4597,9,0
929,1,1
4347,8,8
1676,3,3
4543,9,7
4023,8,1
1473,2,2
354,0,5
1263,2,2
3908,7,4
1553,3,2
2154,4,9
3350,6,8
3875,7,9
3959,7,7
3326,6,8
4974,9,8
4594,9,9
1107,2,2
3227,6,6
3068,6,6
2425,4,4
2922,5,6
588,1,1
1235,2,3
4317,8,8
4515,9,9
3641,7,7
4468,8,8
4348,8,5
2792,5,8
2635,5,8
1722,3,3
2162,4,4
3672,7,7
446,0,0
242,0,0
732,1,1
2515,5,3
2505,5,9
4935,9,9
2769,5,6
3989,7,9
4491,8,3
2085,4,4
3412,6,6
4973,9,9
26,0,0
3791,7,5
4762,9,4
4806,9,9
2069,4,9
3044,6,0
4299,8,5
4417,8,5
811,1,1
1765,3,3
4062,8,8
4130,8,5
1089,2,2
736,1,1
1805,3,2
3116,6,0
20,0,5
1020,2,2
4921,9,9
1682,3,3
1192,2,0
794,1,1
1545,3,3
2192,4,4
4559,9,9
2295,4,0
4553,9,9
4696,9,8
41,0,5
1413,2,2
227,0,3
964,1,1
1086,2,6
1996,3,3
4054,8,3
348,0,5
2718,5,6
3170,6,8
608,1,1
1607,3,3
3773,7,7
1202,2,2
858,1,1
3761,7,9
830,1,1
4970,9,9
4467,8,5
4911,9,8
750,1,1
448,0,0
2061,4,9
98,0,0
4984,9,9
918,1,1
4003,8,8
406,0,0
1592,3,3
4656,9,7
1112,2,0
2297,4,9
247,0,0
3597,7,7
4359,8,3
523,1,1
2348,4,4
4063,8,8
415,0,0
3837,7,3
2001,4,4
1817,3,5
1611,3,2
4526,9,4
4011,8,9
4781,9,7
187,0,5
1161,2,6
3572,7,9
1104,2,2
1426,2,2
573,1,1
639,1,1
3614,7,8
1393,2,6
1387,2,2
1252,2,3
371,0,0
1434,2,2
1195,2,2
3230,6,6
2226,4,4
3877,7,7
3555,7,7
2025,4,4
176,0,0
1724,3,3
1047,2,3
1366,2,2
3086,6,6
888,1,1
846,1,1
30,0,8
1664,3,8
859,1,1
4735,9,4
2194,4,4
3479,6,8
2695,5,5
1302,2,8
3196,6,6
192,0,0
2692,5,4
1463,2,2
1093,2,2
4193,8,2
2698,5,3
2160,4,9
1692,3,3
1516,3,3
4904,9,9
3813,7,7
4997,9,9
3903,7,1
4087,8,8
1973,3,3
4154,8,8
4246,8,5
73,0,0
2400,4,8
881,1,1
3901,7,9
3158,6,8
3165,6,8
1966,3,9
2343,4,6
2562,5,5
2410,4,4
173,0,0
2924,5,0
2691,5,5
4662,9,4
3085,6,6
139,0,0
3004,6,6
3251,6,6
2993,5,8
1400,2,2
3553,7,9
1420,2,3
1105,2,6
1146,2,6
1122,2,5
4709,9,9
468,0,0
309,0,0
2412,4,8
3746,7,7
1085,2,3
1398,2,2
2685,5,5
1327,2,1
705,1,1
1477,2,2
2437,4,9
3525,7,9
4841,9,9
949,1,1
4994,9,8
2820,5,9
4333,8,3
804,1,1
3916,7,7
1964,3,3
2910,5,7
1956,3,3
3800,7,7
175,0,0
4749,9,9
3963,7,9
3008,6,0
2689,5,3
1465,2,2
3748,7,9
2752,5,3
4591,9,9
2070,4,4
2713,5,8
1507,3,2
2391,4,4
2499,4,7
631,1,1
542,1,5
3560,7,7
4200,8,8
4027,8,5
2286,4,0
513,1,1
4242,8,8
2335,4,4
2529,5,5
3255,6,6
1780,3,2
557,1,1
995,1,1
414,0,0
2468,4,9
4379,8,3
1168,2,6
1873,3,9
1818,3,2
351,0,3
1881,3,5
3920,7,7
4008,8,5
286,0,3
2814,5,3
4669,9,8
4670,9,4
4320,8,8
4380,8,3
1312,2,2
835,1,1
44,0,0
271,0,0
2317,4,8
2537,5,3
620,1,1
235,0,0
3610,7,3
2871,5,3
1152,2,2
607,1,9
2599,5,5
3550,7,9
3464,6,6
3024,6,0
1309,2,2
1927,3,3
3937,7,7
4024,8,8
2862,5,0
2059,4,9
169,0,5
4558,9,9
3509,7,7
2855,5,8
43,0,2
2600,5,0
562,1,1
1328,2,2
1156,2,2
4484,8,1
470,0,3
2921,5,5
3263,6,6
246,0,0
1278,2,3
4640,9,8
4143,8,8
2423,4,7
2301,4,9
2206,4,4
4237,8,8
2127,4,8
2321,4,4
1397,2,3
2700,5,6
2023,4,4
2699,5,8
690,1,1
3970,7,7
2653,5,3
674,1,1
4071,8,8
3320,6,8
2028,4,4
1810,3,5
741,1,1
2478,4,4
330,0,0
13,0,0
2680,5,3
1698,3,8
2081,4,9
3298,6,6
2714,5,3
2131,4,9
25,0,5
633,1,1
1980,3,8
969,1,1
759,1,1
211,0,0
4402,8,8
4211,8,5
2945,5,3
669,1,1
1135,2,2
134,0,0
115,0,0
3515,7,7
3755,7,7
168,0,0
4360,8,8
1806,3,3
919,1,1
2399,4,9
3941,7,4
2287,4,9
212,0,0
3097,6,6
4900,9,7
864,1,9
1134,2,6
3818,7,3
4192,8,8
4570,9,9
1502,3,3
2325,4,7
4004,8,9
2139,4,4
3847,7,7
4955,9,7
3928,7,3
3160,6,6
2614,5,5
4196,8,8
3342,6,6
4535,9,0
4609,9,9
1893,3,3
350,0,0
1410,2,2
2384,4,4
3651,7,7
1877,3,3
1969,3,3
259,0,0
1008,2,2
4430,8,8
1739,3,3
2264,4,4
3811,7,4
648,1,1
1031,2,8
490,0,0
299,0,0
3220,6,6
3283,6,6
4253,8,8
4446,8,8
664,1,1
74,0,0
3968,7,9
4127,8,8
903,1,1
1120,2,3
1843,3,0
1079,2,2
697,1,9
2146,4,4
3444,6,6
3598,7,4
638,1,5
3611,7,7
283,0,0
676,1,1
382,0,0
2182,4,4
471,0,5
2135,4,9
3036,6,6
99,0,0
4628,9,4
3442,6,8
2744,5,3
4666,9,9
3279,6,6
3475,6,6
958,1,1
988,1,1
1638,3,9
4528,9,9
1125,2,2
4511,9,9
1870,3,2
4056,8,8
4238,8,8
2360,4,4
1270,2,2
3190,6,6
3372,6,8
4679,9,9
4427,8,8
2347,4,6
274,0,3
4775,9,4
1445,2,8
4093,8,2
3270,6,6
1212,2,2
3426,6,6
481,0,0
4608,9,7
2486,4,8
1296,2,2
3825,7,9
508,1,1
1428,2,2
3503,7,7
515,1,1
327,0,0
1313,2,2
4269,8,8
4993,9,9
635,1,1
4917,9,7
3188,6,0
282,0,0
900,1,1
3917,7,7
3866,7,3
3173,6,6
4585,9,9
1856,3,3
2971,5,8
3020,6,6
2563,5,5
3752,7,9
1556,3,3
3982,7,7
763,1,1
2605,5,2
4026,8,8
967,1,1
201,0,5
3985,7,9
3943,7,9
668,1,1
1771,3,3
868,1,1
737,1,1
135,0,5
530,1,1
1524,3,3
3094,6,6
4920,9,8
4887,9,9
1646,3,3
1066,2,2
1208,2,2
4337,8,5
2602,5,9
3433,6,6
2147,4,8
891,1,1
3631,7,9
413,0,0
853,1,1
3930,7,7
662,1,1
1025,2,3
806,1,1
874,1,1
3066,6,6
3957,7,7
4522,9,9
1088,2,2
4624,9,7
1802,3,3
1902,3,3
3120,6,2
1934,3,3
4041,8,3
934,1,1
3096,6,6
4929,9,3
392,0,0
3245,6,6
2657,5,5
326,0,0
3416,6,6
538,1,1
210,0,0
2592,5,5
1761,3,5
2256,4,4
3171,6,6
4954,9,9
4199,8,8
1855,3,3
4610,9,4
3654,7,5
4283,8,1
2531,5,3
2992,5,5
4454,8,8
555,1,1
3234,6,0
4277,8,3
1018,2,3
1180,2,2
687,1,9
2141,4,9
1332,2,3
1898,3,3
2120,4,4
54,0,0
1663,3,1
4213,8,8
4236,8,8
3541,7,7
1002,2,2
4769,9,9
3006,6,6
738,1,9
2524,5,3
156,0,0
2190,4,4
4048,8,5
1376,2,2
2771,5,6
2962,5,0
2517,5,3
427,0,8
4692,9,9
871,1,5
386,0,0
3358,6,8
3146,6,0
4078,8,8
1459,2,2
1937,3,5
2233,4,9
2743,5,3
3046,6,0
3408,6,6
1851,3,3
4488,8,8
4367,8,5
76,0,0
4898,9,9
2265,4,4
2936,5,3
4152,8,7
410,0,0
4490,8,8
1323,2,2
3738,7,7
1441,2,2
3695,7,7
3513,7,7
985,1,1
2606,5,3
877,1,1
4918,9,8
4111,8,8
86,0,0
4685,9,8
4368,8,3
3777,7,9
4521,9,9
3179,6,8
2787,5,5
3735,7,1
4723,9,0
2619,5,3
2211,4,4
3048,6,8
1423,2,6
3588,7,8
2982,5,3
1548,3,3
1482,2,5
1899,3,3
2352,4,4
904,1,9
1350,2,1
216,0,0
4880,9,7
4065,8,7
1248,2,0
1498,2,3
2683,5,5
2902,5,3
2975,5,5
2642,5,6
160,0,0
1362,2,2
4260,8,8
4894,9,3
3599,7,7
4106,8,5
1725,3,3
2094,4,4
83,0,2
3360,6,8
1635,3,8
2480,4,8
3670,7,9
2374,4,0
4264,8,5
743,1,1
3111,6,6
1942,3,5
4707,9,7
96,0,0
4831,9,9
500,0,0
1169,2,2
2754,5,3
2760,5,8
4625,9,9
1618,3,3
3429,6,0
295,0,5
3329,6,6
1921,3,3
2432,4,4
3257,6,5
4908,9,9
1706,3,3
3814,7,3
4816,9,9
2323,4,8
1652,3,5
1484,2,3
4293,8,5
4428,8,3
3153,6,8
933,1,1
2381,4,4
3256,6,6
2306,4,7
4738,9,7
4701,9,7
1264,2,2
3946,7,9
3626,7,7
4550,9,9
1631,3,3
2040,4,4
1661,3,1
3591,7,9
3743,7,7
2461,4,4
2483,4,4
258,0,8
1145,2,2
576,1,1
2923,5,3
2101,4,4
80,0,8
2413,4,0
4079,8,6
2443,4,4
182,0,0
2603,5,5
1831,3,5
473,0,0
4733,9,9
4933,9,9
71,0,0
4405,8,7
2472,4,7
504,1,1
589,1,1
1585,3,3
3276,6,8
764,1,1
10,0,0
4105,8,8
3239,6,8
2566,5,3
2050,4,9
2942,5,3
4868,9,9
2925,5,5
4158,8,8
2181,4,4
1359,2,2
3790,7,7
2578,5,3
2002,4,4
421,0,0
3874,7,9
4888,9,9
889,1,1
4620,9,9
2466,4,4
391,0,0
2544,5,5
770,1,1
4473,8,5
2345,4,8
2827,5,4
2903,5,8
1314,2,2
1006,2,6
1517,3,3
1707,3,9
22,0,0
2467,4,4
2534,5,3
894,1,1
3657,7,7
3312,6,6
3378,6,6
3186,6,9
2032,4,4
4451,8,3
797,1,1
1863,3,8
766,1,1
786,1,1
4249,8,8
2928,5,3
2783,5,3
2726,5,0
3305,6,6
2788,5,8
3760,7,1
4889,9,9
3685,7,9
2908,5,2
1403,2,2
4407,8,3
1029,2,3
1179,2,6
4084,8,8
3295,6,8
3053,6,6
312,0,0
4,0,5
3886,7,7
2969,5,5
4040,8,8
2610,5,1
3410,6,6
4629,9,9
4928,9,9
360,0,0
4755,9,9
2149,4,4
1610,3,3
2967,5,3
3656,7,7
3413,6,6
3769,7,9
3397,6,8
2513,5,5
2972,5,9
2100,4,4
1143,2,2
4455,8,9
4373,8,3
2850,5,3
3392,6,6
3816,7,7
2402,4,9
264,0,3
1828,3,3
2368,4,8
2353,4,4
1110,2,2
3953,7,7
593,1,1
1287,2,2
3827,7,7
3808,7,9
3313,6,8
3060,6,6
1586,3,5
1813,3,3
510,1,1
3785,7,9
1039,2,2
4372,8,8
2525,5,5
2934,5,5
944,1,1
4099,8,8
1115,2,2
4875,9,9
3161,6,6
1575,3,9
551,1,8
1295,2,3
850,1,1
4220,8,8
4450,8,8
3035,6,6
4822,9,8
529,1,9
1382,2,3
1797,3,3
2125,4,4
1741,3,3
191,0,5
3026,6,6
693,1,9
4949,9,9
2455,4,4
1481,2,6
2932,5,3
93,0,5
3288,6,6
397,0,0
3557,7,7
307,0,0
4584,9,0
4732,9,2
3851,7,7
1422,2,6
2349,4,9
2797,5,5
4306,8,3
1834,3,5
3463,6,9
3480,6,6
1599,3,8
4039,8,9
1200,2,2
3056,6,8
4504,9,9
3427,6,8
3001,6,0
3673,7,9
1491,2,2
1257,2,2
1972,3,3
461,0,0
1697,3,3
4716,9,7
1897,3,5
1299,2,2
2098,4,9
961,1,1
3490,6,8
196,0,0
517,1,1
3071,6,6
1474,2,2
3558,7,9
1808,3,5
3083,6,8
2280,4,4
1936,3,3
644,1,9
575,1,1
4029,8,8
4392,8,8
4139,8,3
1954,3,3
1431,2,5
1230,2,2
3665,7,7
4951,9,9
2507,5,5
1126,2,2
3285,6,6
4176,8,5
2079,4,4
3089,6,8
424,0,0
3768,7,7
3115,6,8
2419,4,4
3640,7,7
3898,7,3
3850,7,7
2766,5,3
1352,2,2
1526,3,3
2168,4,9
1756,3,5
1320,2,3
4611,9,9
742,1,1
495,0,0
4835,9,8
3535,7,9
791,1,1
497,0,5
2195,4,9
1752,3,3
1277,2,2
2166,4,4
3437,6,6
4621,9,8
3294,6,8
4083,8,9
1717,3,5
3354,6,6
2664,5,5
1284,2,2
3517,7,7
932,1,1
478,0,0
88,0,5
935,1,1
727,1,9
2943,5,8
828,1,1
4135,8,5
4771,9,9
4477,8,3
1975,3,3
3634,7,7
2222,4,4
4519,9,9
805,1,1
452,0,0
3969,7,7
1945,3,0
4378,8,8
1421,2,2
1957,3,5
4980,9,9
4715,9,8
394,0,5
56,0,0
1444,2,0
3823,7,9
518,1,1
4753,9,9
586,1,1
2124,4,0
2530,5,5
1858,3,3
4946,9,7
195,0,0
1255,2,8
2108,4,4
4354,8,8
4346,8,3
380,0,0
4872,9,9
1616,3,2
1494,2,2
1997,3,8
2627,5,5
5000,9,3
2594,5,5
89,0,0
521,1,1
2977,5,2
112,0,0
62,0,8
2313,4,9
2851,5,3
869,1,1
1738,3,3
3045,6,6
2987,5,3
4188,8,8
3343,6,8
287,0,0
677,1,1
1119,2,2
1370,2,2
1385,2,3
1874,3,2
3033,6,8
3280,6,6
3237,6,8
4507,9,7
2759,5,5
1933,3,1
4646,9,9
776,1,9
1174,2,2
441,0,5
1582,3,8
564,1,1
4391,8,8
4614,9,9
4865,9,9
2952,5,5
4389,8,5
1832,3,5
4102,8,1
2966,5,5
4019,8,3
27,0,0
3974,7,7
2488,4,9
79,0,0
2687,5,3
4916,9,9
332,0,0
3781,7,9
28,0,0
306,0,8
2549,5,3
3590,7,9
917,1,1
882,1,1
3936,7,7
3563,7,7
1198,2,2
4975,9,7
3658,7,9
4255,8,8
324,0,6
1737,3,2
1513,3,3
3105,6,6
3944,7,7
4682,9,4
1011,2,3
4325,8,6
2512,5,3
2620,5,8
3013,6,8
4862,9,9
4840,9,9
1128,2,2
1561,3,5
4007,8,8
3537,7,3
1648,3,3
943,1,1
3327,6,6
4501,9,8
4686,9,7
4059,8,8
4138,8,3
4231,8,8
1794,3,3
423,0,0
233,0,3
1700,3,5
1072,2,2
2082,4,4
2649,5,3
2684,5,0
1913,3,3
4705,9,9
3310,6,8
4604,9,8
1355,2,2
2355,4,4
2207,4,4
908,1,1
4850,9,9
3423,6,6
2643,5,3
870,1,1
1727,3,8
4318,8,3
2808,5,3
97,0,0
2119,4,4
2706,5,5
4215,8,8
2475,4,4
4661,9,9
3434,6,6
1340,2,2
3468,6,6
2631,5,8
1040,2,2
1948,3,9
1537,3,3
4919,9,9
4548,9,9
4809,9,9
105,0,0
2844,5,3
1409,2,6
2916,5,3
4259,8,3
1523,3,9
2371,4,4
133,0,0
1038,2,2
3623,7,9
4206,8,3
1285,2,7
1106,2,2
844,1,9
872,1,9
2707,5,3
2245,4,4
4266,8,8
3993,7,7
4838,9,9
4764,9,9
4332,8,3
2973,5,3
2150,4,9
4121,8,8
1662,3,3
2656,5,3
2072,4,9
3382,6,6
2892,5,3
2548,5,5
1133,2,2
1048,2,0
1408,2,2
3389,6,8
4485,8,8
2628,5,8
1570,3,3
387,0,0
4982,9,9
2465,4,4
87,0,6
563,1,9
3224,6,6
4088,8,8
3501,7,7
3861,7,9
1702,3,3
1814,3,5
2994,5,8
653,1,1
1246,2,6
1254,2,3
3049,6,6
189,0,0
1129,2,2
1440,2,5
4020,8,3
802,1,1
366,0,0
4128,8,8
417,0,0
1758,3,5
1412,2,8
4941,9,0
138,0,0
3889,7,3
462,0,8
1027,2,6
4100,8,8
2518,5,3
1971,3,3
483,0,0
3745,7,7
1443,2,2
292,0,0
3854,7,7
571,1,1
3950,7,9
2449,4,4
990,1,1
1213,2,2
2968,5,3
2167,4,9
4035,8,8
3981,7,7
3361,6,6
847,1,2
2623,5,8
2508,5,5
3103,6,8
2880,5,5
4117,8,8
2114,4,4
4282,8,5
3487,6,6
4617,9,7
3702,7,7
3415,6,6
92,0,0
3612,7,9
2746,5,5
1149,2,2
220,0,3
1593,3,3
2260,4,9
836,1,1
4425,8,3
2282,4,0
1374,2,2
3718,7,3
4214,8,8
480,0,0
2637,5,3
1823,3,5
3167,6,6
4714,9,9
4897,9,7
250,0,0
2171,4,6
1087,2,0
1024,2,2
4737,9,3
4408,8,8
4606,9,4
3266,6,6
1339,2,0
2576,5,3
1290,2,3
3561,7,7
729,1,1
4315,8,8
409,0,0
2927,5,3
3199,6,6
609,1,8
4141,8,5
435,0,0
429,0,3
4959,9,4
2846,5,3
1049,2,2
2751,5,3
3229,6,8
4393,8,3
300,0,0
3292,6,6
4478,8,0
4094,8,8
3742,7,3
416,0,3
3003,6,8
3130,6,8
2439,4,4
1402,2,2
2448,4,4
4931,9,9
2495,4,4
862,1,1
3714,7,7
422,0,0
3057,6,1
2422,4,4
2818,5,3
4566,9,7
625,1,9
2717,5,3
2200,4,6
1456,2,0
2539,5,3
1785,3,9
4556,9,4
1827,3,9
3029,6,8
1924,3,9
3830,7,7
3333,6,8
19,0,5
1839,3,3
1065,2,2
32,0,0
2173,4,9
3009,6,6
1170,2,8
4197,8,3
2650,5,3
3494,6,8
808,1,9
4567,9,9
2876,5,6
559,1,1
2169,4,9
2460,4,8
2130,4,9
680,1,1
149,0,5
3132,6,6
4631,9,9
1967,3,9
1050,2,2
509,1,1
2535,5,5
3248,6,6
1316,2,2
1034,2,3
3388,6,6
1841,3,3
2054,4,6
1693,3,3
3888,7,9
3627,7,9
4523,9,9
501,1,1
1943,3,3
3201,6,6
3520,7,9
170,0,0
431,0,0
3267,6,6
3000,5,3
4590,9,9
3715,7,9
14,0,5
4578,9,9
3671,7,9
3545,7,7
2279,4,4
2338,4,0
819,1,3
2898,5,8
124,0,0
1392,2,2
531,1,1
1012,2,2
3453,6,8
2697,5,5
2704,5,5
102,0,0
2153,4,4
3992,7,0
329,0,0
744,1,1
2463,4,9
1650,3,3
1918,3,3
152,0,3
3732,7,7
4815,9,9
4627,9,0
2275,4,4
3079,6,0
4316,8,7
1819,3,5
4241,8,8
2693,5,3
629,1,1
3090,6,6
398,0,0
4457,8,5
4956,9,9
3689,7,1
3753,7,2
536,1,1
305,0,0
142,0,5
733,1,3
3373,6,5
2918,5,3
4173,8,8
4814,9,7
730,1,1
1984,3,3
1508,3,3
4756,9,8
2591,5,5
4262,8,8
482,0,0
1605,3,8
375,0,5
333,0,5
2561,5,3
4895,9,9
77,0,0
214,0,0
3967,7,9
2250,4,9
3750,7,7
256,0,0
1074,2,2
2196,4,7
1077,2,6
981,1,1
2184,4,7
2887,5,8
3659,7,7
3349,6,6
2654,5,5
2607,5,8
779,1,1
2998,5,3
1952,3,3
2758,5,8
2961,5,8
2673,5,3
3054,6,6
632,1,1
2931,5,8
47,0,0
3334,6,6
963,1,1
2388,4,4
4699,9,8
3653,7,7
1696,3,8
2109,4,9
4712,9,7
1070,2,2
4886,9,9
3538,7,7
3455,6,6
4843,9,8
3978,7,9
4232,8,3
318,0,5
3883,7,1
3162,6,3
1379,2,6
3472,6,8
1822,3,3
3919,7,1
3135,6,6
1922,3,5
342,0,0
3249,6,6
4136,8,8
1600,3,9
2446,4,4
383,0,3
1425,2,2
4382,8,1
3758,7,7
1709,3,3
1763,3,3
1573,3,3
769,1,1
3929,7,3
293,0,5
1723,3,5
4711,9,7
1325,2,2
1239,2,2
372,0,0
2308,4,9
512,1,1
2097,4,9
2622,5,5
1436,2,2
3505,7,3
4160,8,8
1683,3,1
1799,3,8
3660,7,9
4411,8,8
3398,6,6
4985,9,7
1695,3,3
1604,3,3
1852,3,3
1114,2,5
3621,7,7
3863,7,9
959,1,1
3566,7,3
2761,5,3
352,0,5
4649,9,8
3795,7,7
3954,7,7
711,1,1
3200,6,6
2159,4,8
4287,8,8
4774,9,9
3890,7,7
688,1,1
2773,5,5
2470,4,7
723,1,1
3539,7,7
1622,3,3
223,0,8
3514,7,7
716,1,1
3581,7,7
514,1,1
3687,7,7
3895,7,7
3394,6,8
681,1,9
2920,5,5
1076,2,2
1888,3,3
128,0,0
1464,2,2
2138,4,9
3336,6,6
1130,2,3
4660,9,9
1186,2,5
4038,8,9
2641,5,5
4539,9,9
534,1,1
4793,9,9
1721,3,6
3664,7,9
3269,6,6
4575,9,0
4653,9,7
2487,4,4
4416,8,8
4406,8,1
362,0,5
4978,9,9
4420,8,8
4965,9,8
3347,6,8
4471,8,8
712,1,1
3141,6,8
4648,9,9
3906,7,7
2970,5,3
4512,9,9
4851,9,9
4644,9,9
643,1,1
782,1,3
1829,3,3
4185,8,3
4144,8,5
2897,5,5
1536,3,3
4462,8,3
498,0,0
4331,8,8
466,0,0
2995,5,5
4298,8,5
1256,2,3
1279,2,2
865,1,5
1649,3,3
314,0,5
3228,6,6
980,1,1
2872,5,3
3169,6,8
649,1,1
2008,4,9
2852,5,5
2427,4,4
2036,4,9
3059,6,6
4338,8,7
1341,2,4
4447,8,3
4813,9,9
895,1,1
3547,7,5
4113,8,8
4638,9,8
2528,5,8
4014,8,9
756,1,1
978,1,1
2202,4,4
998,1,1
145,0,0
1306,2,2
353,0,5
1891,3,3
4708,9,9
141,0,0
249,0,0
4401,8,8
2056,4,4
1977,3,5
4022,8,8
2057,4,4
3794,7,7
3522,7,3
1983,3,3
3652,7,9
4104,8,8
4324,8,5
3516,7,7
654,1,1
4979,9,9
1864,3,3
2215,4,4
665,1,1
673,1,1
3473,6,8
140,0,0
4698,9,9
4272,8,3
4374,8,3
4061,8,8
3568,7,7
1364,2,2
2482,4,4
428,0,5
670,1,1
1546,3,5
356,0,5
3290,6,6
2533,5,2
1953,3,2
203,0,0
2509,5,5
4445,8,5
603,1,1
1887,3,3
3271,6,0
1908,3,8
3543,7,9
1042,2,3
1506,3,3
3615,7,9
2745,5,5
2434,4,7
992,1,1
3801,7,7
3733,7,9
2255,4,9
2786,5,3
1674,3,3
585,1,1
2172,4,9
1790,3,5
4830,9,8
2020,4,4
1875,3,3
3139,6,0
1457,2,8
4922,9,7
1883,3,3
4162,8,3
2500,4,4
2440,4,4
232,0,0
4107,8,8
1711,3,5
4209,8,8
1307,2,2
1628,3,3
2103,4,9
1514,3,6
3303,6,6
2723,5,6
772,1,1
4412,8,8
4157,8,5
1176,2,3
3030,6,6
91,0,5
2836,5,3
449,0,5
1344,2,2
1419,2,3
2376,4,4
3511,7,7
2394,4,9
1742,3,3
1249,2,3
4363,8,5
2816,5,5
3510,7,7
4947,9,7
4957,9,8
3595,7,7
1974,3,3
3809,7,7
2409,4,9
3092,6,0
2140,4,4
790,1,1
202,0,0
561,1,1
116,0,0
4356,8,3
3419,6,8
400,0,5
4364,8,3
474,0,8
3945,7,8
2565,5,5
4381,8,5
3726,7,7
3062,6,6
3741,7,7
4073,8,8
2660,5,8
1559,3,5
3776,7,7
777,1,1
238,0,0
3205,6,0
190,0,0
1598,3,3
2183,4,0
946,1,1
1743,3,3
225,0,8
2526,5,3
699,1,9
4460,8,3
4436,8,8
1577,3,3
3191,6,8
3504,7,7
3299,6,1
3910,7,7
1557,3,8
4596,9,9
784,1,1
12,0,0
789,1,1
4572,9,7
3821,7,7
281,0,0
4635,9,9
2900,5,5
2034,4,8
2802,5,5
4476,8,3
1211,2,2
1640,3,3
1102,2,8
344,0,8
3376,6,6
4673,9,8
4089,8,8
3636,7,7
4599,9,7
1958,3,3
3098,6,6
701,1,9
3531,7,7
3838,7,9
4034,8,8
2104,4,9
29,0,3
1716,3,3
1626,3,3
4632,9,9
577,1,1
2115,4,4
1534,3,5
3700,7,7
2048,4,4
3580,7,7
376,0,0
2763,5,5
3425,6,0
3667,7,7
2817,5,5
2747,5,4
4021,8,3
2484,4,4
4811,9,7
4097,8,3
1624,3,5
3211,6,8
582,1,1
755,1,1
3155,6,6
1043,2,3
2624,5,3
4857,9,9
4248,8,5
3841,7,8
1666,3,3
3281,6,1
444,0,5
2947,5,3
228,0,0
1931,3,5
3430,6,8
1026,2,6
3016,6,6
3778,7,7
3037,6,6
598,1,1
1220,2,2
1784,3,5
2633,5,9
1158,2,2
1627,3,3
1173,2,2
4280,8,8
213,0,0
703,1,1
3870,7,7
2569,5,6
1699,3,3
2251,4,4
552,1,1
3984,7,7
1092,2,2
2469,4,4
1297,2,2
1895,3,5
1853,3,3
4722,9,9
3072,6,8
119,0,0
1083,2,2
3500,6,6
2257,4,8
560,1,1
3589,7,4
2144,4,4
2221,4,4
3331,6,0
3819,7,3
1384,2,2
1747,3,3
3620,7,7
2451,4,8
1218,2,3
2193,4,4
4304,8,3
780,1,9
319,0,0
1576,3,3
3476,6,6
4798,9,9
3947,7,7
2886,5,3
2033,4,4
4474,8,8
1371,2,2
320,0,0
1866,3,3
18,0,0
4288,8,8
1543,3,3
2322,4,0
3980,7,9
7,0,0
4222,8,8
4085,8,5
4691,9,9
896,1,1
1621,3,3
4533,9,9
931,1,1
4006,8,8
1150,2,3
4672,9,9
365,0,0
2951,5,3
1417,2,6
477,0,5
2117,4,4
370,0,0
2579,5,3
4258,8,8
4977,9,8
4960,9,7
2132,4,6
4208,8,8
2235,4,4
2236,4,4
3692,7,7
1846,3,8
3999,7,9
1163,2,2
2860,5,5
3635,7,7
1335,2,3
4740,9,7
1672,3,3
4496,8,3
3117,6,6
3449,6,2
3701,7,3
4787,9,8
2980,5,5
3101,6,6
3297,6,8
2815,5,3
2261,4,4
4456,8,8
2912,5,4
3193,6,6
2252,4,8
902,1,1
4081,8,8
1081,2,2
2541,5,5
4234,8,3
977,1,1
1530,3,3
2007,4,4
1591,3,3
4741,9,9
8,0,0
3691,7,7
3885,7,7
107,0,0
1036,2,3
1590,3,3
4077,8,9
3319,6,6
781,1,1
4495,8,8
2038,4,7
3172,6,8
3448,6,6
2219,4,9
3493,6,6
3603,7,3
3309,6,3
1136,2,2
2284,4,4
3807,7,7
2017,4,8
2133,4,4
1919,3,3
3243,6,8
118,0,0
1515,3,3
467,0,0
989,1,1
1022,2,2
3860,7,7
3708,7,7
2217,4,9
2091,4,4
337,0,5
739,1,1
2536,5,5
2212,4,9
3002,6,6
1995,3,3
2239,4,4
3567,7,7
4780,9,9
2420,4,4
1960,3,3
1000,1,1
3630,7,7
2845,5,9
1713,3,8
3063,6,6
113,0,0
1842,3,9
3052,6,6
2262,4,9
854,1,1
4940,9,0
1793,3,3
1253,2,2
3485,6,6
740,1,1
4801,9,7
4228,8,8
4876,9,7
860,1,4
4239,8,8
3031,6,6
4125,8,8
3774,7,3
166,0,0
3409,6,6
2729,5,3
807,1,1
4060,8,8
1075,2,2
4394,8,7
3231,6,0
3461,6,8
1435,2,3
1139,2,2
3688,7,7
1041,2,2
1108,2,2
3206,6,6
2490,4,0
2543,5,5
234,0,0
596,1,1
2709,5,3
284,0,5
4747,9,7
4824,9,9
2938,5,3
840,1,1
4784,9,9
2106,4,4
4782,9,8
1415,2,2
4825,9,9
3571,7,8
1281,2,3
1137,2,2
1766,3,3
3159,6,1
2807,5,3
1201,2,2
4612,9,0
626,1,1
4981,9,9
1928,3,3
2675,5,9
1884,3,3
3174,6,8
2220,4,4
3909,7,7
2316,4,4
1388,2,2
843,1,9
2291,4,4
31,0,0
2582,5,0
2148,4,6
2974,5,5
2459,4,9
720,1,9
4432,8,3
1644,3,8
1904,3,5
3073,6,6
4788,9,9
3340,6,6
1113,2,0
818,1,1
2639,5,5
3933,7,9
3175,6,6
2403,4,4
2996,5,5
3306,6,6
3749,7,7
3447,6,6
2497,4,4
1405,2,2
4334,8,5
2238,4,9
4074,8,8
3736,7,7
3661,7,9
1906,3,3
1531,3,5
4642,9,7
4734,9,4
4600,9,9
2218,4,4
4362,8,5
745,1,1
2798,5,8
315,0,0
4702,9,9
1861,3,3
3125,6,8
2143,4,9
2690,5,5
2406,4,7
1643,3,3
419,0,0
3565,7,7
3686,7,7
3197,6,8
3323,6,6
4633,9,4
2670,5,5
2791,5,3
2342,4,4
1807,3,3
4365,8,8
23,0,0
2110,4,9
3470,6,6
825,1,1
496,0,0
1764,3,3
3250,6,6
719,1,1
1917,3,5
4503,9,7
2296,4,4
800,1,1
4180,8,5
4015,8,8
438,0,5
1991,3,5
2272,4,9
841,1,1
4532,9,7
775,1,1
1014,2,6
439,0,0
1010,2,3
710,1,1
1329,2,2
4275,8,3
3010,6,6
4429,8,3
938,1,1
3484,6,6
1240,2,2
692,1,1
1479,2,2
2981,5,9
1528,3,3
2,0,0
2502,5,0
3739,7,7
4284,8,8
4321,8,8
2271,4,9
2393,4,4
4479,8,5
3209,6,8
53,0,0
3474,6,8
4718,9,7
3913,7,7
2065,4,4
1947,3,3
2896,5,6
1708,3,9
117,0,0
4791,9,9
4422,8,7
4892,9,7
2041,4,9
204,0,0
1493,2,2
2558,5,0
2281,4,6
4829,9,9
4448,8,8
4823,9,9
2812,5,6
2555,5,8
3576,7,7
1979,3,3
3122,6,8
2527,5,3
3081,6,6
396,0,0
2990,5,5
3904,7,4
1165,2,2
2964,5,5
1057,2,3
3345,6,6
3439,6,8
2362,4,0
197,0,0
1084,2,2
1142,2,2
2651,5,3
340,0,0
3668,7,7
760,1,1
3207,6,8
2720,5,0
3064,6,6
2819,5,8
4786,9,4
3710,7,7
4795,9,7
4593,9,9
3586,7,7
4763,9,9
2501,5,6
2672,5,3
1798,3,3
2550,5,3
1188,2,3
1791,3,3
2010,4,9
1282,2,3
4697,9,0
2859,5,3
3684,7,9
4169,8,8
157,0,8
2764,5,3
2677,5,3
3682,7,9
3737,7,7
3578,7,9
3194,6,6
1300,2,2
2661,5,4
2913,5,8
4297,8,5
4131,8,3
1533,3,3
2842,5,3
3404,6,6
798,1,1
3300,6,0
1527,3,5
313,0,0
2407,4,8
507,1,1
879,1,1
2888,5,3
151,0,5
3182,6,0
584,1,1
822,1,1
1003,2,2
4693,9,9
4168,8,8
217,0,0
2629,5,3
2011,4,9
1755,3,8
2593,5,8
3793,7,7
4042,8,5
1157,2,3
4421,8,8
2309,4,0
2201,4,4
1433,2,3
3080,6,6
2324,4,0
4453,8,3
4145,8,5
2145,4,4
965,1,1
3133,6,6
2979,5,3
1567,3,3
2662,5,3
4768,9,9
3751,7,7
401,0,0
3966,7,0
937,1,1
616,1,1
49,0,0
3675,7,7
4397,8,3
1342,2,2
4703,9,8
1037,2,2
3128,6,6
289,0,0
1140,2,6
3478,6,6
2522,5,5
3246,6,6
765,1,1
4323,8,4
2205,4,8
3648,7,3
1372,2,2
338,0,0
897,1,1
1416,2,3
3462,6,6
1935,3,5
887,1,1
4826,9,9
143,0,0
1210,2,3
1512,3,5
3352,6,0
4070,8,3
1189,2,2
2521,5,3
3076,6,0
1760,3,3
3646,7,5
856,1,1
4952,9,9
1365,2,6
4303,8,5
2266,4,9
4161,8,8
914,1,1
1824,3,3
1901,3,5
4103,8,3
4677,9,9
4684,9,7
368,0,0
3529,7,3
4247,8,3
1061,2,2
583,1,1
3521,7,7
1215,2,5
3187,6,6
4647,9,9
1720,3,3
3831,7,4
2770,5,8
4844,9,9
3912,7,7
4290,8,8
3887,7,3
2538,5,6
592,1,9
3787,7,9
4308,8,6
2965,5,3
1932,3,5
4724,9,0
1566,3,0
1054,2,2
3222,6,8
4776,9,9
3039,6,6
2396,4,7
1216,2,1
4748,9,9
1330,2,6
709,1,1
661,1,1
1574,3,3
4819,9,8
3471,6,6
4581,9,7
2186,4,4
