data_lab,nclust,algorithm_lab,ARI_mean,NMI_mean,Silhouette_mean,CH_mean,runtime_mean,niter_mean,monotone_violations_total
PBMC,10,k-means,0.0278881080828271,0.06251625230668177,0.03251781815120527,58.9723020722635,0.374,NA,0
PBMC,10,spherical k-means,0.020680070107904968,0.0510594642848455,0.033680105742278366,57.88797007816927,1.3903333333333334,NA,0
PBMC,10,"DVQ-5, alpha = 1.0",0.0251301801658012,0.055746018525529864,0.0217303516752421,51.1134838943354,0.297,3.3333333333333335,0
PBMC,10,"DVQ-5, alpha = 0.5",0.0209177108380306,0.04870829941335627,0.022385445153970566,50.82673648783953,0.2936666666666667,15,0
PBMC,10,"DVQ-10, alpha = 1.0",0.0279396234264067,0.0597633161005764,0.021457318554907467,52.091684952035365,0.27033333333333337,5,0
PBMC,10,"DVQ-10, alpha = 0.5",0.020188598021499467,0.04620239966599243,0.0233015780791512,51.109065242569635,0.282,17.333333333333332,0
NEWS,20,k-means,0.004020982288396593,0.0152030279831458,9.737986398366232e-4,237.477416072897,1.4803333333333333,NA,0
NEWS,20,spherical k-means,0.00476441078436238,0.016751482140371966,-0.00290327445914568,246.20342943395067,31.062,NA,0
NEWS,20,"DVQ-5, alpha = 1.0",0.00392538814099916,0.0145370231483264,-9.650432040461934e-4,223.82202726390167,2.886,3,0
NEWS,20,"DVQ-5, alpha = 0.5",0.004162429074544777,0.0150456288224847,-0.014407770166795798,223.125347744369,2.8529999999999998,16.333333333333332,0
NEWS,20,"DVQ-10, alpha = 1.0",0.004045701358627523,0.015100070926475733,-0.01833236777952473,224.42053757778132,2.287666666666667,4.333333333333333,0
NEWS,20,"DVQ-10, alpha = 0.5",0.004011686078681733,0.014981381330251366,-0.008581766002146666,221.772258648167,2.3713333333333333,19,0
FASHION,10,k-means,0.311661519403852,0.46874455633577233,0.17948589576296467,1668.8620440035934,0.6903333333333334,NA,0
FASHION,10,spherical k-means,0.3270815621026077,0.493862461980123,0.15716519196538167,1520.7366685868933,3.5403333333333333,NA,0
FASHION,10,"DVQ-5, alpha = 1.0",0.3098034901308153,0.473222109346146,0.17894945678621366,1652.1608952135032,0.853,4.333333333333333,0
FASHION,10,"DVQ-5, alpha = 0.5",0.3030369289197777,0.46333130603913164,0.17365881342299233,1645.3924553025668,0.8656666666666667,17,0
FASHION,10,"DVQ-10, alpha = 1.0",0.3065095435924727,0.46664705814040003,0.178107183448917,1648.1232745702132,0.8160000000000001,4.333333333333333,0
FASHION,10,"DVQ-10, alpha = 0.5",0.28608705334917367,0.4424299834661553,0.15802394713801535,1587.70977202891,0.8333333333333334,17,0
