nsplit,support,alpha,n_runs,n_converged,semi_w2_mean,semi_w2_sd,mean_error_mean,mean_error_sd,cov_error_mean,cov_error_sd,runtime_mean,runtime_sd,niter_mean,niter_sd,F_mean,F_sd,residual_mean,residual_sd,delta_mean,delta_sd,mean_rmse_mean,mean_rmse_sd,mean_inclusion_mean,mean_inclusion_sd,coef_inclusion_mean,coef_inclusion_sd,coef_width_mean,coef_width_sd
10,100,0.5,3,3,0.014718973304846667,0.0006981933140587974,0.011580586815514533,0.0007896828069341455,0.0008686937544819396,0.0002489395781306375,1.87233333333332,0.107342132144513,19.666666666666668,1.1547005383792515,0.014902288428008033,0.0001857648171284364,1.0823355562288767e-05,2.2377930814552567e-06,1.3140907253744743e-11,4.967463104841739e-12,0.0681378575184516,0.00019479297174089175,0.685,0.044008521902013514,1.0,0.0,0.124155958039463,0.00023007903496207564
10,100,1,3,3,0.0147410451746088,0.0006971870179970252,0.011580589571638933,0.0007896803926010521,0.0008583166291859273,0.00024429865771772083,0.873333333333316,0.03987898360456957,7.666666666666667,0.5773502691896257,0.0149015685245394,0.00018615104864564482,3.17976958946458e-15,2.342058855183114e-16,1.16711839268394e-16,1.1605543827407735e-16,0.06813785772959266,0.00019479372195962177,0.684,0.04550000000000004,1.0,0.0,0.12383201267282666,0.0007349534159936579
10,200,0.5,3,3,0.014125551800723633,0.0007236024769367034,0.0115805898539521,0.0007896805893224759,0.0008923752935033846,0.00022338932288447027,5.194000000000007,1.0198298877754368,25.0,6.082762530298219,0.014898741833908467,0.00018591142712702437,9.029068635271277e-06,2.578853998127463e-06,9.35379406819647e-12,5.4053071295108236e-12,0.0681378582859062,0.00019479430351323782,0.724,0.016859715300087386,1.0,0.0,0.12565970319704534,0.0014488907764388717
10,200,1,3,3,0.014131257561578566,0.0007467207902447232,0.011580589571639233,0.0007896803926009044,0.0008948230091050333,0.00021960510543599102,2.218666666666657,0.2210030165706541,9.0,1.0,0.014898780445969068,0.00018557116032821432,3.24261600859645e-15,8.367036630873556e-17,2.7063989263888203e-16,1.3215587108301665e-16,0.06813785772959263,0.00019479372195962285,0.7285,0.029308701779505654,1.0,0.0,0.12505826806326034,0.0019529653577319854
10,50,0.5,3,3,0.0159308949548394,0.0006377634468812545,0.011580589667179,0.0007896803247041514,0.0008036404993129693,0.0003389311446758729,1.39566666666667,0.09535372742233937,26.0,1.7320508075688772,0.014937770549341567,0.00018059858629999794,8.998066696633323e-06,1.7529134926057215e-06,9.047875846886606e-12,3.2861079460343863e-12,0.06813785783028177,0.00019479355744265642,0.6696666666666666,0.034519318262870365,1.0,0.0,0.11895575751085066,0.0018226197014904924
10,50,1,3,3,0.015941047996453364,0.0006290944895735271,0.0115805895716392,0.0007896803926008226,0.000774662344710742,0.00033338273948906884,0.702333333333314,0.08261557560975293,11.666666666666666,1.5275252316519468,0.014936903151495267,0.00018071736702292927,3.4879704680810734e-15,9.028255846901378e-17,1.9277650505597734e-16,1.316835798153972e-16,0.06813785772959266,0.00019479372195962177,0.6678333333333333,0.037571043814796146,1.0,0.0,0.11845018651343966,0.0022712182124215276
20,100,0.5,3,3,0.010694759958459133,8.215293679544262e-05,0.006813424333016724,1.0718298491098185e-05,0.000656105515483612,8.673214306150457e-05,5.7433333333333465,0.45465628042876793,30.333333333333332,2.309401076758503,0.0528512302294921,0.0003347909459579976,7.173167674067024e-06,8.879143188849274e-07,1.5807902550334733e-12,3.672526210244707e-13,0.06692063768536123,0.0005280434629890622,0.7266666666666667,0.02532949532330505,1.0,0.0,0.12241357915863,0.002858562132562249
20,100,1,3,3,0.010694740834300467,5.0753280107656396e-05,0.006813424332474867,1.0718296525588361e-05,0.0006477732081281323,6.59051782064273e-05,2.6986666666666568,0.5399966049276079,12.666666666666666,2.8867513459481287,0.052851660570347,0.0003347811206370361,2.5276086924877233e-15,6.20386114437586e-17,0.0,0.0,0.0669206376854799,0.0005280434623299568,0.7263333333333333,0.02592939130279256,1.0,0.0,0.12305075741654434,0.0023751723078192606
20,200,0.5,3,3,0.00991748521937371,5.063944385654533e-05,0.00681342432985352,1.0718296592207548e-05,0.000622245681560723,6.981143831049373e-05,13.860666666666667,2.9732652645422233,31.666666666666668,7.637626158259733,0.05284924038942483,0.00033423367042345685,8.512561208904997e-06,1.4244041220661181e-06,2.2561546596347333e-12,7.402075955818805e-13,0.0669206376706025,0.000528043450640294,0.7433333333333333,0.019250541117935695,1.0,0.0,0.12338832809713134,0.0038233812958843264
20,200,1,3,3,0.00992526688465092,7.637965341692747e-05,0.006813424332475114,1.0718296526100728e-05,0.000616421798570959,5.125881945656126e-05,6.13566666666668,0.2728100682403951,12.333333333333334,0.5773502691896257,0.05284915092272953,0.000334103074296761,2.7140517987071497e-15,9.175524302715698e-17,1.3180325901944934e-16,1.3186038494567758e-16,0.06692063768547987,0.0005280434623299266,0.7475,0.012529964086141626,1.0,0.0,0.12345153580303767,0.00511583342720723
20,50,0.5,3,3,0.012303412688992633,4.9621861440821994e-05,0.006813424332640427,1.0718297270992496e-05,0.0008073231294785036,8.993769936998796e-05,3.8383333333333467,0.2721035342169011,34.333333333333336,3.511884584284246,0.05288370764502633,0.0003323173503464477,9.257383960530457e-06,1.6413559099189053e-06,2.6591010494318336e-12,8.942206136221549e-13,0.06692063768555133,0.0005280434618568478,0.6861666666666666,0.04822948614005062,1.0,0.0,0.11970000035004766,0.003223240184081078
20,50,1,3,3,0.012286987022864734,4.413195756943036e-05,0.0068134243324749835,1.071829652607809e-05,0.0008093248336105763,8.151950952758427e-05,2.09766666666667,0.7417090624586844,17.333333333333332,7.023769168568492,0.05288323089984473,0.00033269108351898337,2.42406981381867e-15,4.933343531288332e-16,4.386737523476334e-17,7.59805227012988e-17,0.06692063768547994,0.0005280434623298929,0.6848333333333333,0.047959184035316266,1.0,0.0,0.11931248467554334,0.003833275545590373
5,100,0.5,3,3,0.0116715415252177,0.00043562415756531406,0.007302467419211096,0.0009150145582147098,0.00127934903225751,0.00043727037978280874,0.9516666666666727,0.022300971578257472,20.666666666666668,0.5773502691896257,0.006642171134447163,0.00010708238904994664,7.5395052950513935e-06,9.033665638856487e-08,1.352035780073e-11,6.939633381148871e-13,0.06974036983496953,0.0008418599564282815,0.6655,0.02116010396949879,1.0,0.0,0.122756987001153,0.002158634054000575
5,100,1,3,3,0.0116890652968845,0.0004047315408572947,0.007302468140520123,0.0009150167682285211,0.0012703013223676397,0.00042048436573385585,0.391999999999996,0.0407308237088406,7.0,1.0,0.006641421702733536,0.0001077354461169242,3.535474071710963e-15,4.031555558513746e-16,2.16889055254614e-16,7.259690281807256e-17,0.06974037032473633,0.0008418632827204959,0.6668333333333334,0.02428133714055577,1.0,0.0,0.123271742457343,0.002517267085550341
5,200,0.5,3,3,0.010933896909239033,0.0005929101904242493,0.007302467391623807,0.0009150145027950928,0.0012950122063045606,0.0004463802925373991,2.17066666666667,0.3663909569481098,21.666666666666668,4.041451884327381,0.006640961162798227,0.00010839806125591003,7.575567435888004e-06,4.1336314668263234e-07,1.3702010563345967e-11,1.8632518799981286e-12,0.06974037075801877,0.0008418638045882439,0.6878333333333334,0.03222705902395273,1.0,0.0,0.12555389067684433,0.003817778473642207
5,200,1,3,3,0.010920950327778199,0.0005733264651852636,0.007302468140519697,0.0009150167682288891,0.0013023160888683786,0.0004141330898640636,0.787333333333341,0.1447906534736925,6.0,1.7320508075688772,0.006640470888603147,0.00010729018537286612,3.61500262567113e-15,1.7799314919775583e-16,1.73689249357683e-16,7.32883916912597e-17,0.0697403703247363,0.0008418632827205409,0.6878333333333334,0.03222705902395273,1.0,0.0,0.12493300101099267,0.0032741516723556866
5,50,0.5,3,3,0.013084717438441567,0.0004761129877121337,0.007302469362090113,0.0009150169413460582,0.0014363164441625843,0.0005400326051660627,0.5870000000000076,0.032186953878842746,23.0,2.0,0.0066779499361276,0.00010926870212983984,9.81085943907547e-06,2.4979405052413384e-06,2.3511732224287667e-11,1.1040608774549241e-11,0.06974037131927793,0.000841862460918275,0.5948333333333333,0.027121639576790615,1.0,0.0,0.118137744344097,0.0032311525988037246
5,50,1,3,3,0.013046231373568433,0.00049412310951348,0.00730246814051995,0.0009150167682287945,0.0014070096663242513,0.0005474134699542876,0.22066666666666868,0.016623276853050276,6.666666666666667,0.5773502691896257,0.0066787196967675495,0.00011019088545599734,3.20266227571016e-15,1.9252669592137746e-16,2.6113527001675566e-16,1.344051532983847e-16,0.06974037032473633,0.0008418632827204959,0.6154999999999999,0.04468500867181299,1.0,0.0,0.11669667022550934,0.005255890778413633
