data_lab,algorithm_lab,nclust,ARI_mean,NMI_mean,Silhouette_mean,CH_mean,runtime_mean
PBMC,k-means,10,0.0278881080828271,0.06251625230668177,0.03251781815120527,58.9723020722635,0.374
PBMC,spherical k-means,8,0.026285574936908834,0.05132267447639917,0.0326733359008001,64.52222209951873,1.3426666666666667
PBMC,"DVQ-5, alpha = 1.0",10,0.0251301801658012,0.055746018525529864,0.0217303516752421,51.1134838943354,0.297
PBMC,"DVQ-5, alpha = 0.5",8,0.024976886979750767,0.05332474150357767,0.024381919605168834,57.214384055374566,0.281
PBMC,"DVQ-10, alpha = 1.0",10,0.0279396234264067,0.0597633161005764,0.021457318554907467,52.091684952035365,0.27033333333333337
PBMC,"DVQ-10, alpha = 0.5",8,0.021772979687208566,0.04679898359645797,0.025137343039012,58.33545474824693,0.26433333333333336
NEWS,k-means,22,0.0043618527810692,0.016502100909357335,4.201906940271566e-4,224.37079306445634,1.5333333333333332
NEWS,spherical k-means,22,0.00493684351488972,0.017897728453412802,-0.005931697344089754,233.618728380801,31.841333333333335
NEWS,"DVQ-5, alpha = 1.0",22,0.0039971270671777265,0.0152828995440448,-0.0266825317278407,210.69622811127067,2.9953333333333334
NEWS,"DVQ-5, alpha = 0.5",18,0.00420008134867692,0.014573268064967768,-0.0267631543246082,236.907184599824,2.836
NEWS,"DVQ-10, alpha = 1.0",22,0.004132039114928023,0.015989248666979365,-0.013143609781783526,211.730385355214,2.365666666666667
NEWS,"DVQ-10, alpha = 0.5",20,0.004011686078681733,0.014981381330251366,-0.008581766002146666,221.772258648167,2.3713333333333333
FASHION,k-means,12,0.32433605949523864,0.47754164222632767,0.162603504989981,1516.9072456926367,0.7293333333333333
FASHION,spherical k-means,12,0.34907365659471434,0.5092901942021293,0.140313703187838,1378.9087181839034,3.9909999999999997
FASHION,"DVQ-5, alpha = 1.0",12,0.31920736902776736,0.476576915414577,0.16031657048353434,1499.82116297244,0.885
FASHION,"DVQ-5, alpha = 0.5",10,0.3030369289197777,0.46333130603913164,0.17365881342299233,1645.3924553025668,0.8656666666666667
FASHION,"DVQ-10, alpha = 1.0",12,0.31715136948569367,0.476063124582768,0.157529273378397,1500.2735207607434,0.849
FASHION,"DVQ-10, alpha = 0.5",12,0.315731232039132,0.4679034973386867,0.158880374587182,1477.4001059082034,0.842
