support,alpha,n_runs,n_converged,semi_w2_mean,semi_w2_sd,mean_error_mean,mean_error_sd,cov_error_mean,cov_error_sd,runtime_mean,runtime_sd,niter_mean,niter_sd,F_mean,F_sd,residual_mean,residual_sd,delta_mean,delta_sd
10,0.5,3,3,0.9764231625152663,0.2124283966899064,0.0632493421876287,0.03802946273356302,0.235975466130763,0.03362382721588232,1.4959999999999967,0.953362994876567,58.333333333333336,35.92121007612819,206.895589297974,9.947973445034794,2.5025728103787565e-06,4.3536524941919765e-07,1.7070485333537968e-13,6.797693838154318e-14
10,1,3,3,0.9820498005611736,0.20603099309822512,0.0632493424526846,0.03802946227483793,0.23434655463124868,0.037377728184404026,0.5563333333333327,0.11275785264598524,19.333333333333332,7.023769168568492,206.89969233864232,9.952685353925366,0.0,0.0,0.0,0.0
100,0.5,3,3,0.4752237308266067,0.06707107651280213,0.06324934245502503,0.03802946227655606,0.06316660950150974,0.02582178456661585,5.271333333333336,0.348030649991255,34.333333333333336,2.0816659994661326,206.17377514639168,10.361218671005417,1.7877799725562633e-06,1.76493622520421e-07,8.342538009575383e-14,8.566070249669954e-15
100,1,3,3,0.476162845741674,0.06852991606858848,0.0632493424526849,0.03802946227483767,0.06395260706313403,0.026942158703402524,2.17866666666667,0.9724938731597879,9.0,1.7320508075688772,206.177539138907,10.3570031964297,0.0,0.0,0.0,0.0
200,0.5,3,3,0.424435846867249,0.055911624199520824,0.0632493425540324,0.03802946242199163,0.057824908265809535,0.02839686910109013,8.996,0.9795759286548438,30.0,3.605551275463989,206.12859000966733,10.387340134982573,2.8518033148407966e-06,3.9959073622033324e-07,2.1146951508103e-13,2.9469332858810805e-14
200,1,3,3,0.42472326635008734,0.054706446667085774,0.06324934245268474,0.03802946227483752,0.05806063352452633,0.029006295008552525,4.047999999999993,0.889470066949987,11.666666666666666,3.0550504633038935,206.12793802511766,10.387411719287199,0.0,0.0,0.0,0.0
25,0.5,3,3,0.7145812342056244,0.1387527635930085,0.06324934234656317,0.03802946218917365,0.11900393101311534,0.010938721784096682,2.0469999999999935,0.3732613025750111,39.0,7.211102550927978,206.44792256976731,10.19205185593773,2.1303019635579167e-06,6.022130554182454e-07,1.1551692903633934e-13,3.477919842560024e-14
25,1,3,3,0.7102313891824397,0.13406708691420438,0.0632493424526848,0.03802946227483724,0.12049809699620366,0.010189781378428863,0.917333333333333,0.20295401778071184,16.0,4.58257569495584,206.44501132740865,10.19560666474833,0.0,0.0,0.0,0.0
50,0.5,3,3,0.5757218891204103,0.09156634915359176,0.06324934245594736,0.038029462277563285,0.07754526488051547,0.020979099474879807,3.52533333333333,0.29724456821502254,36.666666666666664,2.8867513459481287,206.26864604329066,10.299166707521461,2.6530120033827135e-06,1.8590498134382526e-07,1.84983824488914e-13,3.1118681983590666e-14
50,1,3,3,0.5720433915217273,0.08694633162018865,0.06324934245268547,0.03802946227483798,0.07933841724511444,0.01765956630473132,1.7346666666666732,0.3823693676712737,16.333333333333332,4.041451884327381,206.27057752835665,10.29746248479892,0.0,0.0,0.0,0.0
500,0.5,3,3,0.386605515138764,0.042002231523500716,0.06324933411756484,0.03802945462179784,0.05501374591974577,0.03255801743783768,25.934,4.345191250106259,27.0,4.358898943540674,206.10810914198535,10.400871741114988,2.5073490319140733e-06,1.6605871457146498e-07,1.6925036717720868e-13,5.275605996021126e-14
500,1,3,3,0.38802164489385266,0.04357148843393735,0.0632493424526846,0.0380294622748375,0.055204480337423104,0.032543199392933556,12.936,1.981775214296515,12.0,2.0,206.10757557440633,10.401495577879741,0.0,0.0,0.0,0.0
