data_lab,algorithm_lab,runtime_mean,niter_mean,monotone_violations_total,max_history_increase
PBMC,"DVQ-5, alpha = 1.0",0.29588888888888887,3.111111111111111,0,0
PBMC,"DVQ-5, alpha = 0.5",0.291,15.222222222222221,0,0
PBMC,"DVQ-10, alpha = 1.0",0.27133333333333337,4.333333333333333,0,0
PBMC,"DVQ-10, alpha = 0.5",0.27655555555555555,18.666666666666668,0,0
NEWS,"DVQ-5, alpha = 1.0",2.8865555555555558,2.888888888888889,0,0
NEWS,"DVQ-5, alpha = 0.5",2.890222222222222,16.666666666666668,0,0
NEWS,"DVQ-10, alpha = 1.0",2.2763333333333335,5,0,0
NEWS,"DVQ-10, alpha = 0.5",2.3681111111111113,19.22222222222222,0,0
FASHION,"DVQ-5, alpha = 1.0",0.853,3.6666666666666665,0,0
FASHION,"DVQ-5, alpha = 0.5",0.8494444444444444,17.11111111111111,0,0
FASHION,"DVQ-10, alpha = 1.0",0.8225555555555556,3.888888888888889,0,0
FASHION,"DVQ-10, alpha = 0.5",0.8257777777777777,17.555555555555557,0,0
