support,method,n_runs,n_converged,semi_w2_mean,semi_w2_sd,mean_error_mean,mean_error_sd,cov_error_mean,cov_error_sd,runtime_sec_mean,runtime_sec_sd,niter_mean,niter_sd,objective_mean,objective_sd,residual_mean,residual_sd
100,pot_exact,10,10,0.49230521174490893,0.05909237518130912,0.07050870230679454,0.031109147370790007,0.09004159104701945,0.02659922898618848,0.16709050820209087,0.0327813945675159,9.7,1.8287822299126937,212.55476417049647,9.976140052564695,6.359023279023077e-34,2.010899725574535e-33
100,r_exact,10,10,0.49230521174490904,0.059092375181308714,0.07050870230679451,0.03110914737079008,0.0900415910470354,0.026599228986191603,1.3313000000000001,0.23385800535082515,9.7,1.8287822299126937,212.5547641704966,9.976140052564539,8.3626070865171e-33,1.9416172209375566e-32
100,sinkhorn_0.1,10,10,0.660688197019806,0.07025438989661123,0.07050870185181543,0.03110914407050636,0.20632277124874582,0.028676630700567234,7.642108558100881,2.0908324182614506,162.5,24.11200715180901,212.6973145759352,9.959825391053062,9.765757530021331e-08,2.762519966960519e-09
100,sinkhorn_0.3,10,9,1.0069369377331416,0.10338882765836514,0.0705087013220919,0.031109147738020468,0.5609738560711082,0.07108881855192598,3.5482725749956443,0.6232433469290248,237.1,34.501046682995316,213.23546435071032,9.934763317606299,9.852551372826455e-08,1.1949307239064652e-08
100,sinkhorn_1,10,9,2.0739456566089056,0.304259630080877,0.07050870224147501,0.031109147450266012,1.9607619001112533,0.29346874199744516,0.9669314832950476,0.3562886984412448,175.5,70.24599632719291,216.58784226809672,9.72948812951451,8.132048738974234e-08,1.8184465597215927e-08
200,pot_exact,10,10,0.4144845503389707,0.05692265419301473,0.07050870230679455,0.03110914737078986,0.08147475919838344,0.02684341500807674,0.3374854165012948,0.0558802974384737,10.6,2.1705094128132942,212.4960597674932,9.982525884936583,1.8977710098334495e-33,6.0012788685115036e-33
200,r_exact,10,10,0.41448455033897125,0.05692265419301542,0.07050870230679467,0.031109147370789996,0.08147475919836893,0.026843415008085254,2.818800000000001,0.5218151652325445,10.6,2.1705094128132942,212.4960597674935,9.982525884936539,3.102636909410498e-32,4.8253674938769896e-32
200,sinkhorn_0.1,10,10,0.640117269436675,0.07632826342492591,0.07050870097643201,0.031109145699587795,0.20331078931876712,0.02864178415317463,11.09960415000678,1.1920905840447604,150.5,19.074415674754846,212.67562879291927,9.959181027141408,9.820908120840467e-08,3.1199623415243774e-09
200,sinkhorn_0.3,10,10,1.007500010960164,0.09904070871582304,0.07050870280036642,0.031109147332203792,0.5599911450630082,0.07134274307026749,6.386354821006535,0.7427483499227661,253.6,29.428633071286956,213.2327671750516,9.92616665526767,9.569529864943176e-08,6.906530596240917e-09
200,sinkhorn_1,10,8,2.0683342941764935,0.2986169092245317,0.07050870176001776,0.031109148109254168,1.9465873078810934,0.2832553764684193,1.6032238623942248,0.7469652357788419,167.5,81.93798467947167,216.56019793166521,9.713150613154518,8.159890309191429e-08,1.6857598441250527e-08
50,pot_exact,10,10,0.6078596902056466,0.06778192969924916,0.0705087023067946,0.03110914737079008,0.1071087685654429,0.03110783292983608,0.11356930418987758,0.02214212864222925,11.8,2.3944379994757297,212.6685631979001,9.972217153571613,1.7243542311649372e-34,5.452886863429702e-34
50,r_exact,10,10,0.6078596902056467,0.06778192969924933,0.07050870230679446,0.031109147370789972,0.1071087685654434,0.031107832929840505,1.0517999999999985,0.21535541682427006,11.8,2.3944379994757297,212.6685631979001,9.97221715357154,2.986979217538629e-33,7.217522893711452e-33
50,sinkhorn_0.1,10,10,0.701399107321475,0.07164545511651399,0.07050870224594465,0.03110914701601984,0.2139054363058709,0.02955117296004636,4.627976187394234,1.1107224305030015,178.5,39.567803971298574,212.75661715907256,9.960617555762871,9.767473116427652e-08,2.192992038304755e-09
50,sinkhorn_0.3,10,8,1.0084710923408131,0.099095230730926,0.07050870111089894,0.031109146928466964,0.5637814495316839,0.07147447894888344,2.1298729582922533,0.4929175755019617,231.3,48.24946746971526,213.2451145701051,9.919782803987767,9.960001845241433e-08,1.1651484916816226e-08
50,sinkhorn_1,10,9,2.0693052755686816,0.30623457439449453,0.07050870225758825,0.03110914743434651,1.9644209006428404,0.29276087958999675,0.6250670166045893,0.21079487686371454,177.6,62.0612600581071,216.57404042081066,9.758005003707861,8.501670573229957e-08,1.80553485567906e-08
