"rep","draws","oracle_w2","reference_w2","full_input_objective","runtime","niter","residual","delta","status"
1,25,0.013420243536539,0.0141002443584371,0.00667998932562631,0.128,5,3.31599497951784e-15,2.65075384759687e-16,"converged"
1,50,0.012012293151376,0.00890440441727767,0.00656841643668085,0.193,5,3.00087129835556e-15,1.4140844188e-16,"converged"
1,100,0.0107455950185958,0.00655409655015721,0.00653407693779653,0.358,6,3.58609200258483e-15,3.98574333588051e-16,"converged"
1,200,0.0106528374253199,0,0.00651337591824491,1.008,8,3.22260614337645e-15,1.33166233436458e-16,"converged"
2,25,0.0146428681493773,0.0130946063149832,0.00664839282666,0.127000000000001,6,3.92888388064479e-15,2.36970577017963e-16,"converged"
2,50,0.0137653525619874,0.00937592972641571,0.0065785808015691,0.186,5,3.70192086732137e-15,1.24767451004567e-16,"converged"
2,100,0.0108691857486446,0.00659224474327421,0.00653129565225955,0.347,6,3.43951840043659e-15,1.34208587220916e-16,"converged"
2,200,0.0108923120597253,0,0.00651803472736953,0.908,8,3.46814724698821e-15,0,"converged"
3,25,0.0112838602479502,0.012672346623957,0.00664265543113104,0.109,5,4.26007803548826e-15,2.55586602942079e-16,"converged"
3,50,0.0119894223713434,0.00898068985149344,0.00656513607859675,0.193,6,3.58270033457827e-15,0,"converged"
3,100,0.0115427131518386,0.00686625168240114,0.00653477615119107,0.295,5,3.349350953068e-15,3.95433042903458e-16,"converged"
3,200,0.0107239225582229,0,0.006513928355968,1.144,11,3.06394234509748e-15,1.33154939782802e-16,"converged"
