"rep","support","alpha","semi_w2","mean_error","cov_error","runtime","niter","F","residual","delta","status","feas"
1,10,1,0.871234754337989,0.0193716685845039,0.240425008639977,0.464,12,210.773260288691,0,0,"converged",3.7470027081099e-16
1,10,0.5,0.871234819765401,0.0193716677893358,0.240424724741265,0.74,28,210.773260288718,2.07454240713285e-06,9.4795998800819e-14,"converged",3.7470027081099e-16
1,25,1,0.63533739653449,0.0193716685845049,0.117108034944292,0.881,15,210.453625648135,0,0,"converged",1.54390389361936e-16
1,25,0.5,0.636416839978567,0.0193716685847222,0.116930999789559,2.165,41,210.453724968136,2.46532260745851e-06,1.33834238618465e-13,"converged",2.02962646689286e-16
1,50,1,0.516255988055037,0.0193716685845047,0.0732948436770418,2.097,20,210.333332639299,0,0,"converged",1.63931368479808e-16
1,50,0.5,0.519751437796689,0.0193716685846124,0.0726927764468466,3.868,40,210.337123740281,2.81497183975021e-06,1.74445795502835e-13,"converged",1.65666091955785e-16
1,100,1,0.417057110397993,0.0193716685845045,0.0541356429633907,1.858,10,210.274338877934,0,0,"converged",3.46944695195361e-17
1,100,0.5,0.417856467660118,0.0193716685846426,0.0536439044467966,5.454,35,210.273727687899,1.85791350717858e-06,7.60980583987539e-14,"converged",4.68375338513738e-17
1,200,1,0.36924311566562,0.0193716685845045,0.0459824741711305,5.036,15,210.241747454571,0,0,"converged",3.90312782094782e-17
1,200,0.5,0.367883649443552,0.0193716685245789,0.0455777135219935,9.419,31,210.24236343257,2.84036859947951e-06,1.78174428871881e-13,"converged",4.5102810375397e-17
1,500,1,0.338657150721732,0.0193716685845044,0.0419940694711108,15.107,14,210.226732493293,0,0,"converged",4.33680868994202e-17
1,500,0.5,0.33909442918388,0.0193716685188108,0.0416489996009663,28.388,29,210.227017706914,2.68336069632137e-06,1.57908136531683e-13,"converged",4.33680868994202e-17
2,10,1,0.855142241288022,0.0836708452602554,0.194302140667824,0.682000000000002,26,214.333209813225,0,0,"converged",3.19189119579733e-16
2,10,0.5,0.837112714007308,0.083670845260255,0.200348519091466,2.56700000000001,98,214.320776785742,2.94491974616212e-06,1.91360479945785e-13,"converged",2.63677968348475e-16
2,25,1,0.630344881371417,0.0836708452602551,0.112435451351798,0.734999999999999,12,214.027082715956,0,0,"converged",2.48932818802672e-16
2,25,0.5,0.632543346233998,0.0836708449416792,0.109249991100694,1.629,31,214.028500978379,2.49050504890035e-06,1.37309037893072e-13,"converged",2.00360561475321e-16
2,50,1,0.527649550807972,0.0836708452602565,0.065494063511336,1.77200000000001,17,213.916919193199,0,0,"converged",1.795438797636e-16
2,50,0.5,0.526022639297901,0.0836708452651993,0.0594176133163128,3.371,35,213.912136876448,2.69404610341535e-06,1.60502463737055e-13,"converged",1.88217497143484e-16
2,100,1,0.460150008837816,0.0836708452602556,0.0432954808179232,3.271,10,213.859488139531,0,0,"converged",4.33680868994202e-17
2,100,0.5,0.458848765647676,0.0836708452683863,0.0434585295766122,4.87,32,213.857639033378,1.91842670584604e-06,8.13348835703383e-14,"converged",3.55618312575245e-17
2,200,1,0.426304978460645,0.0836708452602555,0.0370450703446153,3.797,11,213.828376760818,0,0,"converged",4.64038529823796e-17
2,200,0.5,0.425739803551779,0.0836708452517941,0.0376067737200032,9.693,33,213.828981927454,3.25698868367698e-06,2.34201423796528e-13,"converged",3.90312782094782e-17
2,500,1,0.40428756019601,0.0836708452602551,0.0313437439619687,11.224,10,213.818642946475,0,0,"converged",4.33680868994202e-17
2,500,0.5,0.401922457136513,0.0836708452521922,0.0312648495302234,28.497,30,213.818715102449,2.35346135714696e-06,1.23087929510492e-13,"converged",4.33680868994202e-17
3,10,1,1.21977240605751,0.0867055135132945,0.268312514585945,0.522999999999996,20,195.592606914011,0,0,"converged",3.7470027081099e-16
3,10,0.5,1.22092195377309,0.0867055135132953,0.267153154559558,1.18099999999998,49,195.592730819462,2.4882562778413e-06,2.25958081259535e-13,"converged",3.19189119579733e-16
3,25,1,0.865011889641412,0.0867055135132944,0.131950804692521,1.136,21,194.854325618135,0,0,"converged",2.55871712706579e-16
3,25,0.5,0.874783516404308,0.0867055135132881,0.130830802149093,2.34699999999998,45,194.861541762787,1.43507823431489e-06,7.5407510597481e-14,"converged",2.21177243187043e-16
3,50,1,0.672224635702173,0.0867055135132952,0.0992263445469655,1.33500000000001,12,194.561480752572,0,0,"converged",1.8995222061946e-16
3,50,0.5,0.681391590266641,0.0867055135180304,0.100525404878387,3.33699999999999,35,194.556677513143,2.45001806698258e-06,2.20003214226852e-13,"converged",1.30104260698261e-16
3,100,1,0.551281417989213,0.0867055135132946,0.0944266974080882,1.40700000000001,7,194.398790399256,0,0,"converged",4.5102810375397e-17
3,100,0.5,0.548965959172026,0.0867055135120462,0.0923973944811204,5.49000000000001,36,194.389958717898,1.58699970464417e-06,9.28431983181693e-14,"converged",5.98479599211998e-17
3,200,1,0.478621704923997,0.0867055135132942,0.0911543560578332,3.31099999999998,9,194.313689859964,0,0,"converged",4.85722573273506e-17
3,200,0.5,0.479684087606416,0.0867055138857242,0.0902902375554319,7.876,26,194.314424668978,2.4580526613659e-06,2.22032692574681e-13,"converged",4.0766001685455e-17
3,500,1,0.421120223763816,0.0867055135132943,0.0922756275791898,12.477,12,194.277351283451,0,0,"converged",4.33680868994202e-17
3,500,0.5,0.418799659095899,0.0867054885816915,0.0921273886280476,20.917,22,194.278594616593,2.48522504227389e-06,2.26755035489451e-13,"converged",4.33680868994202e-17
