"rep","nsplit","support","alpha","runtime","niter","F","residual","delta","status","feas","semi_w2","mean_error","cov_error","mean_rmse","mean_inclusion","coef_inclusion","coef_width"
1,5,50,1,0.203000000000003,6,0.00675996232379984,3.41070608070799e-15,1.28308664522386e-16,"converged",0,0.0125861925909379,0.00653730757516887,0.00119265343887522,0.0696274258934788,0.644,1,0.111922041828857
1,5,50,0.5,0.62299999999999,25,0.00675809900281999,7.50775703260706e-06,1.35211731021825e-11,"converged",0,0.0126653773072325,0.00653730741114905,0.00128707218596168,0.0696274257159251,0.6015,1,0.115943160126477
1,5,100,1,0.34899999999999,6,0.00671874678986327,3.81328532386748e-15,2.58191524436376e-16,"converged",0,0.011265512434656,0.00653730757516905,0.00113532186965521,0.0696274258934788,0.646,1,0.124523977824378
1,5,100,0.5,0.935000000000002,21,0.00671882057620682,7.48721509331063e-06,1.35258599432701e-11,"converged",0,0.0112419917460182,0.00653730726908782,0.00113812966584196,0.0696274265569965,0.646,1,0.124523964330233
1,5,200,1,0.685000000000002,5,0.00671611060420429,3.5217525879106e-15,2.58292868924891e-16,"converged",0,0.0103430712469013,0.00653730757516873,0.00125079926635718,0.0696274258934788,0.664,1,0.127393783394567
1,5,200,0.5,2.089,21,0.00671688673028093,7.95979014539713e-06,1.52921410204434e-11,"converged",0,0.0103482125073261,0.00653730858332377,0.0012586560927852,0.0696274260237032,0.664,1,0.127393780176268
1,10,50,1,0.606999999999999,10,0.0150920912378062,3.54768538450312e-15,3.44827654824521e-16,"converged",0,0.0166623981343348,0.012485157801901,0.000393966776032478,0.0683348060618575,0.6705,1,0.12107267930745
1,10,50,0.5,1.44200000000001,27,0.0150928380594494,6.97441661243895e-06,5.25583291870032e-12,"converged",0,0.0166608441776297,0.0124851578391169,0.000420891882201452,0.0683348060608561,0.671,1,0.120677005901702
1,10,100,1,0.827999999999975,7,0.0150600405531408,3.03992181379791e-15,0,"converged",0,0.0155285039858419,0.012485157801901,0.000600841218735173,0.0683348060618575,0.684,1,0.12397958815433
1,10,100,0.5,1.83199999999999,19,0.0150598336249636,1.22901693027573e-05,1.63547297201123e-11,"converged",0,0.0155054932861899,0.0124851585601796,0.000597224901859995,0.0683348056375515,0.684,1,0.123979517932769
1,10,200,1,2.43899999999999,10,0.0150583949790439,3.28205165564344e-15,3.4559927769014e-16,"converged",0,0.0149898951695073,0.0124851578019011,0.000652534700390828,0.0683348060618575,0.7615,1,0.123122834569137
1,10,200,0.5,4.638,21,0.015059052445098,1.19961587812466e-05,1.55830822551273e-11,"converged",0,0.0149590295240139,0.0124851583361441,0.000645026602086064,0.0683348074685109,0.7425,1,0.124821439435935
1,20,50,1,1.346,10,0.0526580256044326,2.42723594918003e-15,0,"converged",0,0.0122509515002191,0.00682406368690181,0.000715653983576305,0.0663115836223614,0.73,1,0.122958334281381
1,20,50,0.5,3.56200000000001,31,0.0526579836007863,7.50531739855371e-06,1.74599059705351e-12,"converged",0,0.012251289295795,0.00682406368789224,0.000703473347601042,0.066311583622991,0.73,1,0.123037913229006
1,20,100,1,3.321,16,0.0526254129361814,2.56344686998974e-15,0,"converged",0,0.010674880187682,0.00682406368690121,0.000719799506798569,0.0663115836223613,0.756,1,0.125789786111078
1,20,100,0.5,6.268,33,0.0526243634827873,7.17355649811427e-06,1.59560229471746e-12,"converged",0,0.0106569966142327,0.00682406368664817,0.000744241694759985,0.0663115836219055,0.7555,1,0.124846693770421
1,20,200,1,5.90100000000001,12,0.052623051705472,2.61269581440527e-15,2.63720695741623e-16,"converged",0,0.00987593970920803,0.0068240636869021,0.00066959551916332,0.0663115836223613,0.7485,1,0.127905007043299
1,20,200,0.5,12.902,30,0.0526234269543989,8.90992729367451e-06,2.46221071805033e-12,"converged",0,0.0099004640766698,0.00682406368715711,0.00070015666734377,0.0663115836198492,0.7435,1,0.126542281046017
2,5,50,1,0.223000000000013,7,0.00672290261605995,3.0307812541194e-15,2.5803192088977e-16,"converged",0,0.0135685363892516,0.00831604182099263,0.00202916356870563,0.0706330042791327,0.564,1,0.115839515186807
2,5,50,0.5,0.576999999999998,23,0.00672226583231221,1.2466237842062e-05,3.53653343523711e-11,"converged",0,0.0136022819142525,0.00831604272624243,0.00203527608688188,0.0706330049135749,0.565,1,0.116621954517608
2,5,100,1,0.430000000000007,8,0.00668715435764167,3.72006509684451e-15,2.59411310581529e-16,"converged",0,0.0120718968356052,0.00831604182099241,0.00174170008840444,0.0706330042791327,0.661,1,0.120373937401154
2,5,100,0.5,0.942999999999984,20,0.00668787191774966,7.48748382641218e-06,1.28236597506005e-11,"converged",0,0.0121129960280312,0.0083160380649173,0.00176977796579487,0.070632999980585,0.6625,1,0.120350985834865
2,5,200,1,0.72399999999999,5,0.00668762254923774,3.82024631938062e-15,1.29696574769649e-16,"converged",0,0.0114896130556636,0.00831604182099256,0.00173979737885325,0.0706330042791327,0.675,1,0.121216954630104
2,5,200,0.5,1.85199999999998,18,0.00668917622328532,7.13820361293288e-06,1.16518272465781e-11,"converged",0,0.0115337779186967,0.00831603850640559,0.00175845876669222,0.0706330053586687,0.675,1,0.121164574594133
2,10,50,1,0.746999999999957,12,0.0149801240914506,3.38410938204518e-15,1.15801675966546e-16,"converged",0,0.0156545373444901,0.0112278662924779,0.000915540805416068,0.0681334745297028,0.704,1,0.117157128779336
2,10,50,0.5,1.459,27,0.0149809902615475,9.97334088218422e-06,1.0826367501635e-11,"converged",0,0.0156503171045713,0.0112278662760778,0.000924290392666386,0.0681334745002841,0.7035,1,0.117046362339947
2,10,100,1,0.88900000000001,8,0.0149480988611641,3.04923314071676e-15,2.320995455126e-16,"converged",0,0.0144922336889404,0.0112278662924775,0.000887246299050459,0.0681334745297028,0.7295,1,0.124481980851999
2,10,100,0.5,1.791,19,0.0149495840668858,8.2476509518701e-06,7.41948528853373e-12,"converged",0,0.0144790549034693,0.0112278569808321,0.000922578256529334,0.0681334732066264,0.7295,1,0.124416189804305
2,10,200,1,1.99700000000001,8,0.0149427837450916,3.29928111840709e-15,3.48273154233386e-16,"converged",0,0.0137701152364872,0.0112278662924781,0.000951169910982882,0.0681334745297027,0.7055,1,0.12702830540817
2,10,200,0.5,6.37100000000004,32,0.0149422329584742,7.76408703796082e-06,6.57726486269598e-12,"converged",0,0.0137596726305157,0.0112278662924507,0.00095267173912545,0.0681334745298893,0.72,1,0.127332736940649
2,20,50,1,2.118,18,0.0532653614463698,1.92916001296088e-15,0,"converged",0,0.012336209118977,0.00681358050984841,0.000864207576442406,0.0672500596815591,0.69,1,0.119663228867005
2,20,50,0.5,4.10599999999999,38,0.0532653099008856,9.50752084847286e-06,2.69816078804673e-12,"converged",0,0.0123500824675989,0.00681358050985725,0.000859702851120965,0.0672500596815599,0.694,1,0.11945688769361
2,20,100,1,2.35399999999998,11,0.0532362386280687,2.5634065292339e-15,0,"converged",0,0.0106569211683049,0.00681358050984828,0.000633035672516112,0.0672500596815591,0.715,1,0.121802630258562
2,20,100,0.5,5.46500000000003,29,0.0532357421651196,8.06088751707751e-06,1.9404127630468e-12,"converged",0,0.0106382788254312,0.00681358051579316,0.00057084913786251,0.0672500596894034,0.7165,1,0.123128690155041
2,20,200,1,6.435,13,0.0532329111189259,2.79145520867747e-15,0,"converged",0,0.00988661401496823,0.00681358050984827,0.000567320872652273,0.067250059681559,0.7345,1,0.117863744234391
2,20,200,0.5,11.485,25,0.053233197592763,6.93166897505711e-06,1.43475140803283e-12,"converged",0,0.00987754928620893,0.00681358050172593,0.000565372442167051,0.0672500596394387,0.724,1,0.119135967513653
3,5,50,1,0.23599999999999,7,0.00655329415044286,3.16649949230309e-15,3.97065224638111e-16,"converged",0,0.0129839651405158,0.00705405502539835,0.000999211991391904,0.0689606808015975,0.6385,1,0.122328453660864
3,5,50,0.5,0.561000000000035,21,0.0065534849732506,9.45858344255735e-06,2.16486892183094e-11,"converged",0,0.0129864930938397,0.00705405794887886,0.000986601059644193,0.0689606833283338,0.618,1,0.121848118388206
3,5,100,1,0.396999999999991,7,0.00651836396069567,3.0730717944209e-15,1.33064330745937e-16,"converged",0,0.0117297866203923,0.00705405502539891,0.000933882009043269,0.0689606808015975,0.6935,1,0.124917312146497
3,5,100,0.5,0.977000000000032,21,0.00651982090938501,7.64381696543137e-06,1.42115537083194e-11,"converged",0,0.0116596368016037,0.00705405692362817,0.0009301394651357,0.0689606829673271,0.688,1,0.123396010838361
3,5,200,1,0.953000000000031,8,0.00651767951236741,3.50300896972217e-15,1.33078304378509e-16,"converged",0,0.0109301666807697,0.0070540550253978,0.000916351621394706,0.0689606808015974,0.7245,1,0.126188265008307
3,5,200,0.5,2.57100000000003,26,0.00651682053482843,7.628708549334e-06,1.41620634230164e-11,"converged",0,0.0109197003016943,0.00705405508514206,0.000867921759436262,0.0689606808916844,0.7245,1,0.128103317260132
3,10,50,1,0.752999999999986,13,0.014738494125229,3.53211663769492e-15,1.17700184376865e-16,"converged",0,0.0155062085105352,0.0110287446205387,0.00101447945268368,0.0679452925972177,0.629,1,0.117120751453533
3,10,50,0.5,1.286,24,0.0147394833270278,1.00464425952768e-05,1.10614271203245e-11,"converged",0,0.0154815235823172,0.0110287448863423,0.00106573922307107,0.0679452929297051,0.6345,1,0.119143904290903
3,10,100,1,0.902999999999963,8,0.0146965661593133,3.45015381387907e-15,1.18035972292582e-16,"converged",0,0.0142023978490441,0.0110287446205383,0.00108686236977215,0.0679452925972177,0.6385,1,0.123034469012151
3,10,100,0.5,1.99399999999997,21,0.0146974475921747,1.19322464322389e-05,1.56485067525882e-11,"converged",0,0.0141723717248808,0.0110287449055319,0.00108627810505649,0.0679452937111769,0.6415,1,0.124072166381315
3,10,200,1,2.21999999999997,9,0.0146951626137717,3.14651525173882e-15,1.1804724599312e-16,"converged",0,0.0136337622787412,0.0110287446205385,0.00108076441594139,0.0679452925972177,0.7185,1,0.125023664212474
3,10,200,0.5,4.57299999999998,22,0.0146949400981532,7.32696008660641e-06,5.90103508676613e-12,"converged",0,0.0136579532476413,0.0110287449332615,0.00107942753929864,0.0679452928593184,0.7095,1,0.124824933214552
3,20,50,1,2.82900000000001,24,0.0527263056487318,2.9158134793151e-15,1.3160212570429e-16,"converged",0,0.0122738004493981,0.00680262880067473,0.000848112940813018,0.0672002697525193,0.6345,1,0.115315890878244
3,20,50,0.5,3.84700000000004,34,0.0527278294334071,1.07593136345648e-05,3.53315176319526e-12,"converged",0,0.012308866303584,0.00680262880017179,0.000858793189713504,0.0672002697521031,0.6345,1,0.116605200127527
3,20,100,1,2.42099999999999,11,0.0526933301467909,2.45597267823953e-15,0,"converged",0,0.0107524211469145,0.00680262880067511,0.000590484445069716,0.0672002697525193,0.708,1,0.121559855879993
3,20,100,0.5,5.49700000000001,29,0.0526935850405694,6.28505900700929e-06,1.20635570733616e-12,"converged",0,0.0107890044357135,0.00680262879660884,0.000653225713828341,0.0672002697447748,0.708,1,0.119265353550428
3,20,200,1,6.07100000000003,12,0.0526914899437907,2.73800437303871e-15,1.31689081316725e-16,"converged",0,0.0100132469297765,0.00680262880067497,0.000612349003897284,0.0672002697525193,0.7595,1,0.124585856131423
3,20,200,0.5,17.195,40,0.0526910966211126,9.69608735798337e-06,2.87150185282104e-12,"converged",0,0.0099744422952424,0.00680262880067752,0.000601207935171348,0.0672002697525196,0.7625,1,0.124486735731724
