id,rep,support,scale2
rep01_m050,1,50,6.329409497327372
rep01_m100,1,100,6.329409497327372
rep01_m200,1,200,6.329409497327372
rep02_m050,2,50,7.448546137948543
rep02_m100,2,100,7.448546137948543
rep02_m200,2,200,7.448546137948543
rep03_m050,3,50,7.656011570226086
rep03_m100,3,100,7.656011570226086
rep03_m200,3,200,7.656011570226086
rep04_m050,4,50,6.3445002596185445
rep04_m100,4,100,6.3445002596185445
rep04_m200,4,200,6.3445002596185445
rep05_m050,5,50,7.352383594414059
rep05_m100,5,100,7.352383594414059
rep05_m200,5,200,7.352383594414059
rep06_m050,6,50,10.20958960510593
rep06_m100,6,100,10.20958960510593
rep06_m200,6,200,10.20958960510593
rep07_m050,7,50,9.924302781822215
rep07_m100,7,100,9.924302781822215
rep07_m200,7,200,9.924302781822215
rep08_m050,8,50,9.149638641105362
rep08_m100,8,100,9.149638641105362
rep08_m200,8,200,9.149638641105362
rep09_m050,9,50,8.467367178118389
rep09_m100,9,100,8.467367178118389
rep09_m200,9,200,8.467367178118389
rep10_m050,10,50,6.133900460982508
rep10_m100,10,100,6.133900460982508
rep10_m200,10,200,6.133900460982508
