all_inner_converged,cov_error,exact_residual,id,marginal_error,max_marginal_error,max_objective_increase,mean_error,method,niter,objective,pot_native_max_difference,reg_ratio,regularized_objective,relative_change,rep,residual,runtime_sec,scale2,semi_w2,start,status,support
True,0.07720719507723517,2.4926840507131437e-33,rep01_m050_start1,2.255140518769849e-16,2.5326962749261384e-16,-1.4004291415403713e-07,0.06576156148174686,pot_exact,13,208.73598331889028,8.881784197001252e-16,0,,6.709093076977274e-10,1,2.4926840507131437e-33,0.1417599999695085,6.329409497327372,0.5351258827736418,1,converged,50
True,0.07813165035408126,0.0,rep01_m050_start2,2.2898349882893854e-16,2.671474153004283e-16,2.842170943040401e-14,0.06576156148174703,pot_exact,9,208.74032223979103,8.881784197001252e-16,0,,1.361582138296907e-16,1,0.0,0.1021674579824321,6.329409497327372,0.531055793824627,2,converged,50
True,0.06995830449585345,0.0,rep01_m050_start3,2.255140518769849e-16,2.6020852139652106e-16,0.0,0.06576156148174703,pot_exact,13,208.73284617224817,8.881784197001252e-16,0,,0.0,1,0.0,0.14420041698031127,6.329409497327372,0.5364056772666567,3,converged,50
True,0.0661422173532925,0.0,rep01_m050_start4,2.185751579730777e-16,2.6020852139652106e-16,0.0,0.06576156148174679,pot_exact,17,208.72694776421707,8.881784197001252e-16,0,,0.0,1,0.0,0.16058895800961182,6.329409497327372,0.5357497359049193,4,converged,50
True,0.07319177583734525,0.0,rep01_m050_start5,2.185751579730777e-16,2.636779683484747e-16,0.0,0.06576156148174721,pot_exact,9,208.73693298234448,8.881784197001252e-16,0,,0.0,1,0.0,0.08104141597868875,6.329409497327372,0.5393836365220842,5,converged,50
True,0.13534980130621113,0.0,rep02_m050_start1,2.220446049250313e-16,2.5326962749261384e-16,2.842170943040401e-14,0.08409651135002871,pot_exact,10,225.21329289833463,8.881784197001252e-16,0,,1.2619907583889412e-16,2,0.0,0.08979408303275704,7.448546137948543,0.616534378321453,1,converged,50
True,0.1344762311954207,0.0,rep02_m050_start2,2.220446049250313e-16,2.498001805406602e-16,0.0,0.08409651135002894,pot_exact,13,225.2183364326454,8.881784197001252e-16,0,,0.0,2,0.0,0.12186350004049018,7.448546137948543,0.6270910637139999,2,converged,50
True,0.13288107411020214,0.0,rep02_m050_start3,2.220446049250313e-16,2.498001805406602e-16,0.0,0.08409651135002867,pot_exact,13,225.20653815757683,1.7763568394002505e-15,0,,0.0,2,0.0,0.14320141699863598,7.448546137948543,0.6244372310125431,3,converged,50
True,0.1314155473842956,0.0,rep02_m050_start4,2.255140518769849e-16,2.5326962749261384e-16,0.0,0.08409651135002899,pot_exact,22,225.20434604934326,8.881784197001252e-16,0,,0.0,2,0.0,0.23500500002410263,7.448546137948543,0.625771632629499,4,converged,50
True,0.1334407792095985,0.0,rep02_m050_start5,2.185751579730777e-16,2.42861286636753e-16,0.0,0.0840965113500287,pot_exact,14,225.2160057193892,1.7763568394002505e-15,0,,0.0,2,0.0,0.12592075002612546,7.448546137948543,0.6306161984952571,5,converged,50
True,0.14261335909478315,0.0,rep03_m050_start1,2.255140518769849e-16,2.6020852139652106e-16,0.0,0.03095894773664936,pot_exact,19,218.77306143944844,8.881784197001252e-16,0,,0.0,3,0.0,0.1633858330314979,7.656011570226086,0.5857016911239948,1,converged,50
True,0.14187649643165787,0.0,rep03_m050_start2,2.185751579730777e-16,2.5673907444456745e-16,0.0,0.030958947736649572,pot_exact,11,218.76935872065778,8.881784197001252e-16,0,,0.0,3,0.0,0.09225091699045151,7.656011570226086,0.588934717816611,2,converged,50
True,0.14375410578551334,0.0,rep03_m050_start3,2.220446049250313e-16,2.6020852139652106e-16,0.0,0.030958947736649443,pot_exact,13,218.76883808093336,1.7763568394002505e-15,0,,0.0,3,0.0,0.11097708402667195,7.656011570226086,0.5955905622929424,3,converged,50
True,0.14188339425535076,0.0,rep03_m050_start4,2.185751579730777e-16,2.5673907444456745e-16,0.0,0.030958947736649464,pot_exact,20,218.77035887469467,8.881784197001252e-16,0,,0.0,3,0.0,0.16518249997170642,7.656011570226086,0.5926466910133773,4,converged,50
True,0.140676399326125,0.0,rep03_m050_start5,2.220446049250313e-16,2.5326962749261384e-16,0.0,0.030958947736649357,pot_exact,13,218.76918324014036,8.881784197001252e-16,0,,0.0,3,0.0,0.14210133301094174,7.656011570226086,0.5963864964208716,5,converged,50
