all_inner_converged,cov_error,exact_residual,id,marginal_error,max_marginal_error,max_objective_increase,mean_error,method,niter,objective,pot_native_max_difference,reg_ratio,regularized_objective,relative_change,rep,residual,runtime_sec,scale2,semi_w2,status,support
,0.06967696693333014,,rep01_m050,1.795438797636e-16,1.92554305833426e-16,0,0.06576156148174629,r_exact,10,208.732766534047,,0,,0,1,0,1.322,6.32940949732737,0.5340829501603473,converged,50
True,0.0696769669333429,0.0,rep01_m050,2.255140518769849e-16,2.5326962749261384e-16,0.0,0.06576156148174711,pot_exact,10,208.7327665340468,8.881784197001252e-16,0,,0.0,1,0.0,0.09387487499043345,6.329409497327372,0.534082950160348,converged,50
True,0.1441274710671363,0.007701880408485957,rep01_m050,8.677630055492491e-11,1.892363136850317e-10,-1.279870161852159e-06,0.06576155379711408,sinkhorn_0.1,124,208.79414788610785,,0.1,203.74275542758943,6.281794663698587e-09,1,9.890013568872232e-08,3.251721374981571,6.329409497327372,0.6029025098052435,converged,50
True,0.4277293797612439,0.05691751219275223,rep01_m050,5.1194954091976497e-11,1.9706847612099843e-10,-1.271827301252415e-06,0.06576156252133142,sinkhorn_0.3,261,209.170625317078,,0.3,192.1473603143657,6.619020374536352e-09,1,9.985152678434539e-08,2.2407110409694724,6.329409497327372,0.8413733356589133,converged,50
True,1.830372245734331,0.26544621283658754,rep01_m050,6.852157730108388e-17,6.632656880320442e-11,-1.2657639558710798e-06,0.06576156148174453,sinkhorn_1,129,212.15209627651552,,1.0,146.96186062327155,8.612873704790178e-09,1,9.930800221302e-08,0.4329187080147676,6.329409497327372,1.868740812273033,converged,50
,0.06690974360404087,,rep01_m100,3.64291929955129e-17,4.25007251614318e-17,0,0.06576156148174676,r_exact,9,208.634235430966,,0,,0,1,0,1.263,6.32940949732737,0.43533461010493224,converged,100
True,0.06690974360398777,0.0,rep01_m100,3.469446951953614e-16,3.469446951953614e-16,0.0,0.06576156148174722,pot_exact,9,208.63423543096638,8.881784197001252e-16,0,,0.0,1,0.0,0.15626187500311062,6.329409497327372,0.43533461010493335,converged,100
True,0.13791444514893636,0.013397771121774817,rep01_m100,2.2688145633054102e-10,5.165848725348365e-10,-1.2727306852866604e-06,0.06576155220695451,sinkhorn_0.1,178,208.74565260207783,,0.1,203.28522418065134,6.260812523134038e-09,1,9.898689423464434e-08,7.510552583029494,6.329409497327372,0.5703961615357931,converged,100
True,0.4250358029682465,0.06744530778481862,rep01_m100,6.118553146777783e-11,1.9622482198139446e-10,-1.2686771810876962e-06,0.06576156217463801,sinkhorn_0.3,207,209.15909503740556,,0.3,190.8282844429089,6.648265881323006e-09,1,9.910269689832554e-08,2.921006624994334,6.329409497327372,0.8337742100306139,converged,100
True,1.8300012788146192,0.2816291263522529,rep01_m100,6.375108774214766e-17,7.802516879124033e-11,-1.265660955596104e-06,0.0657615614817445,sinkhorn_1,119,212.15876239739782,,1.0,142.57461273929522,8.877183111659044e-09,1,9.906044518500208e-08,0.6763233749661595,6.329409497327372,1.8704203891279254,converged,100
,0.06570548655116785,,rep01_m200,4.64038529823796e-17,4.98732999343332e-17,5.6843418860808e-14,0.06576156148174708,r_exact,11,208.586308334305,,0,,2.72517497983157e-16,1,0,2.922,6.32940949732737,0.34524302822043723,converged,200
True,0.06570548655119489,0.0,rep01_m200,4.77048955893622e-16,4.77048955893622e-16,0.0,0.06576156148174729,pot_exact,11,208.58630833430442,1.7763568394002505e-15,0,,0.0,1,0.0,0.3464970829663798,6.329409497327372,0.34524302822043706,converged,200
True,0.1339666213319874,0.014945206965274467,rep01_m200,1.6565443548138825e-10,4.643608514202924e-10,-1.2646007121475122e-06,0.0657615552429216,sinkhorn_0.1,165,208.72138172551504,,0.1,202.8407010883464,6.234452442129096e-09,1,9.781116016022876e-08,12.524165374983568,6.329409497327372,0.5396590207491844,converged,200
True,0.423785185975027,0.07382729412583891,rep01_m200,7.774791878009668e-11,1.9466851351387926e-10,-1.279994762626302e-06,0.06576156202408061,sinkhorn_0.3,264,209.19106506684992,,0.3,189.51081625836625,6.754204215108744e-09,1,9.991739730791723e-08,6.678684290964156,6.329409497327372,0.846622070903286,converged,200
True,1.830108376335988,0.2981251122386858,rep01_m200,6.852157730108388e-17,8.742121479846099e-11,-1.2640886382087047e-06,0.06576156148174504,sinkhorn_1,132,212.15513021591838,,1.0,138.18741867432203,9.147639045378383e-09,1,9.91286088619018e-08,1.2939197500236332,6.329409497327372,1.869581551461909,converged,200
,0.13357411474616984,,rep02_m050,1.99493199737333e-16,2.35922392732846e-16,0,0.0840965113500284,r_exact,11,225.213167618269,,0,,0,2,0,0.954,7.44854613794854,0.62383735621678,converged,50
True,0.13357411474615652,0.0,rep02_m050,2.220446049250313e-16,2.498001805406602e-16,0.0,0.08409651135002905,pot_exact,11,225.21316761826944,8.881784197001252e-16,0,,0.0,2,0.0,0.1099772080196999,7.448546137948543,0.6238373562167793,converged,50
True,0.23959872880648073,0.008360910773536423,rep02_m050,1.1556066216791838e-10,1.928210646706674e-10,-1.4941805659418606e-06,0.08409650019079748,sinkhorn_0.1,151,225.28891251403144,,0.1,219.3226284614129,6.8127058582344615e-09,2,9.791071189392696e-08,3.8666113339713775,7.448546137948543,0.7128297318424515,converged,50
True,0.5518790415094901,0.04308433296532825,rep02_m050,1.5268254629358102e-10,1.5268254629358102e-10,-1.4931992780020664e-06,0.08409650681914642,sinkhorn_0.3,191,225.64966087885148,,0.3,205.6469257691101,7.2609851159966125e-09,2,9.940977937440862e-08,1.672938083007466,7.448546137948543,0.9674943561818422,converged,50
True,2.1453482696224757,0.2814303817583808,rep02_m050,1.3877787807814457e-17,1.3440295621239273e-10,-1.4904760803347017e-06,0.08409651135002831,sinkhorn_1,180,229.45384954882718,,1.0,152.4327462604759,9.777925690678192e-09,2,9.940316274822267e-08,0.6510640410124324,7.448546137948543,2.2256386354213418,converged,50
,0.10805785448813436,,rep02_m100,4.68375338513738e-17,7.28583859910259e-17,0,0.084096511350029,r_exact,10,225.082887757183,,0,,0,2,0,1.381,7.44854613794854,0.49919957668622084,converged,100
True,0.10805785448809327,0.0,rep02_m100,3.469446951953614e-16,3.469446951953614e-16,0.0,0.08409651135002864,pot_exact,10,225.0828877571833,8.881784197001252e-16,0,,0.0,2,0.0,0.1748695420101285,7.448546137948543,0.49919957668621995,converged,100
True,0.22787336833217348,0.012773978586711345,rep02_m100,1.7132681861750654e-10,4.045500601179697e-10,-1.4844229951904708e-06,0.08409650771419468,sinkhorn_0.1,138,225.21852703426498,,0.1,218.77557985138404,6.785140215954783e-09,2,9.799234119741625e-08,5.68598850001581,7.448546137948543,0.658560924322215,converged,100
True,0.5472647347704018,0.05238931358698607,rep02_m100,5.2343560475592854e-11,3.5000845494473354e-10,-1.495498054282507e-06,0.08409651111248374,sinkhorn_0.3,253,225.6432277515672,,0.3,204.0871774267655,7.3277413220168014e-09,2,9.986918762105572e-08,3.6804277090122923,7.448546137948543,0.9612397245727393,converged,100
True,2.1453602795118463,0.31005709737784065,rep02_m100,6.938893903907228e-18,3.212970037594354e-11,-1.4664481398085627e-06,0.08409651135002918,sinkhorn_1,197,229.46284677838372,,1.0,147.26978337269273,9.9575628592812e-09,2,9.78653280740462e-08,1.1235227909637615,7.448546137948543,2.2276079720924686,converged,100
,0.09710204651367792,,rep02_m200,5.29090660172926e-17,5.29090660172926e-17,0,0.08409651135002913,r_exact,9,225.026407296339,,0,,0,2,0,2.478,7.44854613794854,0.41694934684829643,converged,200
True,0.09710204651368706,0.0,rep02_m200,4.77048955893622e-16,4.77048955893622e-16,0.0,0.08409651135002842,pot_exact,9,225.02640729633873,1.7763568394002505e-15,0,,0.0,2,0.0,0.29270533297676593,7.448546137948543,0.416949346848294,converged,200
True,0.2248860162112757,0.017719218600492668,rep02_m200,4.527667385977041e-10,6.037784230916721e-10,-1.5191115494417318e-06,0.08409651255345695,sinkhorn_0.1,122,225.20028115153758,,0.1,218.24968755380576,6.960429386610471e-09,2,9.93934778673431e-08,9.746687292004935,7.448546137948543,0.6444408193892432,converged,200
True,0.5454767183268404,0.05831181493301584,rep02_m200,1.4924629154061675e-10,4.898294664844316e-10,-1.4851163427920255e-06,0.08409651132422288,sinkhorn_0.3,231,225.63813593198125,,0.3,202.53433662893391,7.3326644588816996e-09,2,9.839086474165038e-08,6.260074833990075,7.448546137948543,0.9634159002786996,converged,200
True,2.1450920673332567,0.335643483109897,rep02_m200,6.938893903907228e-18,2.9996071598814567e-11,-1.417471025888517e-06,0.08409651135002849,sinkhorn_1,207,229.46616392352882,,1.0,142.1068453037148,9.97468495426966e-09,2,9.460622411514702e-08,1.9793738329899497,7.448546137948543,2.228285373128586,converged,200
,0.14491817353801167,,rep03_m050,1.48318857196017e-16,2.29850860566927e-16,0,0.03095894773664903,r_exact,9,218.775422146683,,0,,0,3,0,0.770000000000001,7.65601157022609,0.5991291508703893,converged,50
True,0.1449181735379994,0.0,rep03_m050,2.220446049250313e-16,2.6020852139652106e-16,0.0,0.03095894773664931,pot_exact,9,218.77542214668284,8.881784197001252e-16,0,,0.0,3,0.0,0.09025212499545887,7.656011570226086,0.5991291508703893,converged,50
True,0.23707337455334274,0.008266109173173313,rep03_m050,1.4275601751059797e-10,1.5226891839428824e-10,-1.542438013757419e-06,0.030958941369230244,sinkhorn_0.1,208,218.85016860393225,,0.1,212.73284651212617,7.250586958539645e-09,3,9.865291943829768e-08,4.561505249992479,7.656011570226086,0.6771575183422317,converged,50
True,0.5382347972054259,0.04620813585491877,rep03_m050,9.500880117363497e-12,1.5208256832696665e-10,-1.532906793499933e-06,0.030958947065324826,sinkhorn_0.3,240,219.26133758178446,,0.3,198.7255380712237,7.713687916276623e-09,3,9.982459013124585e-08,2.035316084045917,7.656011570226086,0.9448261804824454,converged,50
True,2.3267728166483606,0.45905456637014663,rep03_m050,2.3852447794681098e-17,7.650789637242417e-11,-1.4148238562938786e-06,0.030958947736649034,sinkhorn_1,118,224.1666675329099,,1.0,144.06125769004444,9.820987717898317e-09,3,8.934115217445536e-08,0.41274583397898823,7.656011570226086,2.379068118545781,converged,50
,0.12072518821176892,,rep03_m100,5.8113236445223e-17,8.15320033709099e-17,2.8421709430404e-14,0.030958947736649024,r_exact,7,218.640745979601,,0,,1.29992739016065e-16,3,0,0.995000000000001,7.65601157022609,0.4780953380272549,converged,100
True,0.12072518821178363,0.0,rep03_m100,3.469446951953614e-16,3.469446951953614e-16,0.0,0.03095894773664928,pot_exact,7,218.64074597960055,1.7763568394002505e-15,0,,0.0,3,0.0,0.11538579099578783,7.656011570226086,0.4780953380272538,converged,100
True,0.2296717500054592,0.012683005912099634,rep03_m100,4.4816925474575053e-10,4.4816925474575053e-10,-1.5455281641152396e-06,0.03095894665650284,sinkhorn_0.1,175,218.77691538077812,,0.1,212.1814951943429,7.283991242695477e-09,3,9.975975412426341e-08,6.174164290947374,7.656011570226086,0.6251580102888094,converged,100
True,0.536177456437292,0.06266288495766384,rep03_m100,1.550633406399715e-11,7.511809013358017e-11,-1.5404039288569038e-06,0.030958946707097996,sinkhorn_0.3,210,219.28374044052003,,0.3,197.12641314740966,7.814294858943285e-09,3,9.91253509548359e-08,4.296475624956656,7.656011570226086,0.9656400295740178,converged,100
True,2.337600256143939,0.5348053101273728,rep03_m100,1.1688063711323693e-12,6.083243977994535e-11,-1.3614223632885114e-06,0.03095894773028996,sinkhorn_1,112,224.13919047309497,,1.0,138.75333544959267,9.811817103489175e-09,3,8.706802324802906e-08,0.6255730840493925,7.656011570226086,2.376208429226431,converged,100
,0.10946455012053428,,rep03_m200,3.90312782094782e-17,4.98732999343332e-17,-2.8421709430404e-14,0.03095894773664922,r_exact,9,218.578204368526,,0,,1.30029933737055e-16,3,0,2.426,7.65601157022609,0.4058371679625682,converged,200
True,0.10946455012051806,0.0,rep03_m200,4.77048955893622e-16,4.77048955893622e-16,0.0,0.03095894773664933,pot_exact,9,218.57820436852606,1.7763568394002505e-15,0,,0.0,3,0.0,0.31449191604042426,7.656011570226086,0.40583716796256897,converged,200
True,0.22512737469687039,0.01412131468700999,rep03_m200,3.0472296344216665e-10,3.1688371631560797e-10,-1.5566475610739872e-06,0.030958944658292253,sinkhorn_0.1,152,218.73073968225896,,0.1,211.63921768474435,7.355194215201213e-09,3,9.986411152023322e-08,9.290592708042823,7.656011570226086,0.5932213012703182,converged,200
True,0.533442762179231,0.06644228325849788,rep03_m200,3.4646531954160564e-10,3.4646531954160564e-10,-1.5368421202310856e-06,0.030958943209356025,sinkhorn_0.3,246,219.24351993636947,,0.3,195.52951064231488,7.859898503827543e-09,3,9.968005468117327e-08,5.368184834020212,7.656011570226086,0.9502368084169419,converged,200
True,2.3425099762446515,0.6397091122947002,rep03_m200,3.6232921437479026e-10,3.6232921437479026e-10,-1.3222662857970136e-06,0.03095894636307203,sinkhorn_1,69,224.00992208149938,,1.0,133.4462519661248,9.908605548778203e-09,3,8.257447345134332e-08,0.6549886669963598,7.656011570226086,2.346844477187595,converged,200
,0.06658393041906138,,rep04_m050,1.96891114523368e-16,2.16840434497101e-16,0,0.05244585904756167,r_exact,11,226.431652429577,,0,,0,4,0,0.936999999999999,6.34450025961854,0.4768709995374914,converged,50
True,0.06658393041907472,0.0,rep04_m050,2.2898349882893854e-16,2.5326962749261384e-16,0.0,0.052445859047561424,pot_exact,11,226.43165242957718,8.881784197001252e-16,0,,0.0,4,0.0,0.1111798330093734,6.3445002596185445,0.4768709995374923,converged,50
True,0.21073901716554996,0.0088143596990639,rep04_m050,9.651248333505946e-11,2.1260460059124853e-10,-1.267438221930206e-06,0.05244586177307301,sinkhorn_0.1,209,226.5181571974031,,0.1,221.26093101875125,5.728251295130768e-09,4,9.80807536081935e-08,6.062875500007067,6.3445002596185445,0.5743556120492496,converged,50
True,0.6191364378547446,0.08144651702875673,rep04_m050,7.563015318179378e-11,1.4324575770344183e-10,-1.6459781591038336e-06,0.05244585864479092,sinkhorn_0.3,300,227.06966475828887,,0.3,209.2886206782697,7.864632777570409e-09,4,1.267830034421765e-07,3.0105586670106277,6.3445002596185445,0.9638852648813427,iteration_limit,50
True,1.3210469225232577,0.1559905624093295,rep04_m050,1.4914506261953786e-12,9.284181930191426e-11,-1.2789024879111821e-06,0.05244585895719619,sinkhorn_1,129,228.1249086480188,,1.0,163.97023492461167,7.799601424760117e-09,4,9.961359425741144e-08,0.4919234999688342,6.3445002596185445,1.3840375158084934,converged,50
,0.0522542731093231,,rep04_m100,3.38271077815477e-17,4.68375338513738e-17,-5.77172755811262e-07,0.052445859047561376,r_exact,14,226.368964748766,,0,,2.54969913821984e-09,4,2.45567061873707e-32,1.88,6.34450025961854,0.3843654936953117,converged,100
True,0.05225427310930611,0.0,rep04_m100,3.469446951953614e-16,3.469446951953614e-16,-5.77172784232971e-07,0.05244585904756187,pot_exact,14,226.36896474876585,1.7763568394002505e-15,0,,2.5496992637746324e-09,4,0.0,0.23937133298022673,6.3445002596185445,0.3843654936953111,converged,100
True,0.20488904519331716,0.013203562669728873,rep04_m100,3.056324355925344e-10,3.852944981293238e-10,-1.2752400664339802e-06,0.05244586608556706,sinkhorn_0.1,121,226.4836024025331,,0.1,220.81515505624046,5.775147356821972e-09,4,9.835424156258939e-08,5.885857874993235,6.3445002596185445,0.5471961604351407,converged,100
True,0.6189942509878237,0.09333339051731766,rep04_m100,7.980835783905071e-11,1.498005838297678e-10,-1.2766059285240772e-06,0.05244585898719593,sinkhorn_0.3,233,227.07023018458148,,0.3,207.96896405987718,6.138444389808808e-09,4,9.862117847776554e-08,3.625611040974036,6.3445002596185445,0.9619393110074952,converged,100
True,1.3208273337829397,0.16247513567432098,rep04_m100,1.4953520192928504e-12,6.613508959224523e-11,-1.2674504432652611e-06,0.05244585895687422,sinkhorn_1,129,228.11701507619154,,1.0,159.57256618826065,7.942784047872379e-09,4,9.878701146123126e-08,0.7781765419640578,6.3445002596185445,1.3817756977261109,converged,100
,0.03807392934971135,,rep04_m200,4.5102810375397e-17,5.160802341031e-17,-2.13512325331067e-06,0.052445859047561966,r_exact,14,226.337648865409,,0,,9.43335429996862e-09,4,7.55351848548238e-32,3.57,6.34450025961854,0.3220705641686308,converged,200
True,0.03807392934971135,0.0,rep04_m200,4.77048955893622e-16,4.77048955893622e-16,-2.135123196467248e-06,0.05244585904756191,pot_exact,14,226.3376488654088,1.7763568394002505e-15,0,,9.433354048824292e-09,4,0.0,0.4200801249826327,6.3445002596185445,0.3220705641686313,converged,200
True,0.20341188229042634,0.015290479386050625,rep04_m200,1.517278017636181e-10,3.4074950803694715e-10,-1.2780639337961475e-06,0.05244586008412072,sinkhorn_0.1,126,226.4709370351941,,0.1,220.37429261249972,5.799514595068085e-09,4,9.945510142010438e-08,10.487584499991499,6.3445002596185445,0.5295038463089107,converged,200
True,0.6191482923350026,0.10155631819755914,rep04_m200,8.148619799752677e-11,1.4866759819737174e-10,-1.2807672646886203e-06,0.05244585890468313,sinkhorn_0.3,224,227.08173169527925,,0.3,206.6494240802474,6.197778011969458e-09,4,9.954043576767399e-08,6.104858707985841,6.3445002596185445,0.9681049877851857,converged,200
True,1.321053262219624,0.1763530728375639,rep04_m200,1.4828086675189311e-12,1.1541078986584963e-10,-1.2738376540255558e-06,0.05244585895724872,sinkhorn_1,128,228.11277540401608,,1.0,155.1749109055262,8.209043821163244e-09,4,9.942522258200775e-08,1.3482314580469392,6.3445002596185445,1.379960601257073,converged,200
,0.14709451205169774,,rep05_m050,1.49186218934005e-16,2.0122792321331e-16,-2.8421709430404e-14,0.06427331109436234,r_exact,15,205.885700067088,,0,,1.38046058668197e-16,5,0,1.289,7.35238359441406,0.6238543025041222,converged,50
True,0.14709451205168567,0.0,rep05_m050,2.220446049250313e-16,2.6020852139652106e-16,0.0,0.06427331109436296,pot_exact,15,205.88570006708852,8.881784197001252e-16,0,,0.0,5,0.0,0.14209720899816602,7.352383594414059,0.6238543025041214,converged,50
True,0.23612909768411464,0.008186506880846435,rep05_m050,2.5937142537901803e-10,3.802998762257592e-10,-1.4706192814628594e-06,0.06427331857904586,sinkhorn_0.1,242,205.97320395227132,,0.1,200.08575293913287,7.349944956357081e-09,5,9.76576853902855e-08,5.939650416024961,7.352383594414059,0.7235511964309247,converged,50
True,0.5248638186829686,0.047520743690980846,rep05_m050,5.257678840908664e-12,2.922641781366586e-10,-1.4825440644017363e-06,0.06427331129612963,sinkhorn_0.3,178,206.3598504769854,,0.3,186.63075479341865,7.94372853641317e-09,5,9.968659607292266e-08,1.617519291001372,7.352383594414059,0.9891419459675684,converged,50
True,2.2787518773093423,0.5597583308808802,rep05_m050,1.3877787807814457e-17,6.684703355089305e-11,-1.331903717982641e-06,0.0642733110943625,sinkhorn_1,92,211.00963932977447,,1.0,134.11728572107276,9.93088771216001e-09,5,8.601597400091753e-08,0.3261300000012852,7.352383594414059,2.424744362462911,converged,50
,0.12831380841925685,,rep05_m100,5.03069808033274e-17,6.50521303491303e-17,0,0.06427331109436277,r_exact,10,205.770944834786,,0,,0,5,0,1.4,7.35238359441406,0.5035794969833135,converged,100
True,0.12831380841922915,0.0,rep05_m100,3.469446951953614e-16,3.469446951953614e-16,0.0,0.06427331109436277,pot_exact,10,205.7709448347857,8.881784197001252e-16,0,,0.0,5,0.0,0.17535087501164526,7.352383594414059,0.5035794969833122,converged,100
True,0.2288316431731627,0.013189368165641362,rep05_m100,1.8562043352030044e-10,3.764940243247694e-10,-1.467051987447121e-06,0.0642733139755035,sinkhorn_0.1,179,205.90584585070792,,0.1,199.55528726455074,7.351606648823386e-09,5,9.816500735288846e-08,7.190130457980558,7.352383594414059,0.673333391737849,converged,100
True,0.5229580114611015,0.057858881227390364,rep05_m100,5.3867262213291855e-12,3.064576192639279e-10,-1.4786972997171688e-06,0.06427331134081393,sinkhorn_0.3,200,206.32625407377247,,0.3,185.0967584236011,7.988780033198233e-09,5,9.962291931675148e-08,2.8377500000060536,7.352383594414059,0.9750581318802828,converged,100
True,2.2605886973141995,0.6113958695777721,rep05_m100,6.938893903907228e-18,8.402868982224088e-11,-1.2259712889317598e-06,0.0642733110943626,sinkhorn_1,88,210.98258134497084,,1.0,129.02079745370875,9.502121374829487e-09,5,7.759657190254047e-08,0.5079459580010734,7.352383594414059,2.4185791463879442,converged,100
,0.11995762679020505,,rep05_m200,4.90059381963448e-17,4.90059381963448e-17,-1.19096057460411e-07,0.06427331109436253,r_exact,11,205.70968034037,,0,,5.78952129012119e-10,5,3.10144461979233e-32,2.978,7.35238359441406,0.41773763111135226,converged,200
True,0.11995762679022727,0.0,rep05_m200,4.77048955893622e-16,4.77048955893622e-16,-1.1909605746041052e-07,0.06427331109436299,pot_exact,11,205.70968034036977,8.881784197001252e-16,0,,5.789521290121194e-10,5,0.0,0.3351918330299668,7.352383594414059,0.4177376311113526,converged,200
True,0.22535166610637614,0.017184061243299315,rep05_m200,3.239556570049096e-10,3.239556570049096e-10,-1.4737218236859917e-06,0.06427331934019197,sinkhorn_0.1,141,205.878680264918,,0.1,199.0349402416088,7.404337203232283e-09,5,9.941664049285186e-08,10.039833458024077,7.352383594414059,0.6433592924428841,converged,200
True,0.5222265059198564,0.06715106452872888,rep05_m200,6.1395975976819e-11,5.719923970234908e-10,-1.48440557268259e-06,0.06427331233178075,sinkhorn_0.3,296,206.3749285200709,,0.3,183.56420577312858,8.086574146778086e-09,5,9.993611472902207e-08,7.396173875022214,7.352383594414059,1.0056040412891787,converged,200
True,2.135573128693522,0.5847571928733206,rep05_m200,3.231464575093046e-13,1.1267723386276796e-10,-1.2379667708728448e-06,0.06427331109491029,sinkhorn_1,74,210.83025957403882,,1.0,123.91889740238261,9.990136972293497e-09,5,7.778725570904349e-08,0.7350243749679066,7.352383594414059,2.391304808971242,converged,200
,0.08674243505334274,,rep06_m050,1.76074432811646e-16,1.96023752785379e-16,-5.6843418860808e-14,0.1213415620061777,r_exact,15,199.169382511301,,0,,2.85402395408756e-16,6,0,1.265,10.2095896051059,0.7185974048194032,converged,50
True,0.08674243505336321,0.0,rep06_m050,2.255140518769849e-16,2.6020852139652106e-16,0.0,0.12134156200617847,pot_exact,15,199.1693825113008,1.7763568394002505e-15,0,,0.0,6,0.0,0.14605779096018523,10.20958960510593,0.7185974048194036,converged,50
True,0.19600443522866481,0.008406939115846957,rep06_m050,1.06550163657404e-10,2.1677745492762468e-10,-1.9073754629062023e-06,0.12134157852064642,sinkhorn_0.1,121,199.28182100414975,,0.1,190.9284991706586,9.989998623236675e-09,6,9.199968141889368e-08,2.864329333009664,10.20958960510593,0.8119514470321872,converged,50
True,0.5980114209722686,0.04785109855729311,rep06_m050,1.1658723899493628e-11,1.5493136504632354e-10,-1.6995393821161997e-06,0.12134156340320336,sinkhorn_0.3,267,199.9008183211169,,0.3,171.84815793375918,9.889773540448695e-09,6,8.192925637186788e-08,2.532549083000049,10.20958960510593,1.1614061467723977,converged,50
True,1.956475898007893,0.23040377441663887,rep06_m050,6.569488876506657e-13,1.3637821948131457e-10,-9.757513197428125e-07,0.12134156202436308,sinkhorn_1,221,203.27884941932444,,1.0,98.63880669092296,9.892164583336463e-09,6,4.7268767168933356e-08,0.7217177080456167,10.20958960510593,2.1846139235690636,converged,50
,0.08334606695294863,,rep06_m100,3.98986399474666e-17,5.8113236445223e-17,0,0.12134156200617853,r_exact,10,199.058201988017,,0,,0,6,0,1.357,10.2095896051059,0.6053982010876423,converged,100
True,0.083346066952906,0.0,rep06_m100,3.469446951953614e-16,3.469446951953614e-16,0.0,0.12134156200617818,pot_exact,10,199.05820198801666,1.7763568394002505e-15,0,,0.0,6,0.0,0.17210166697623208,10.20958960510593,0.6053982010876436,converged,100
True,0.1906685548867418,0.013267842579658733,rep06_m100,1.8567677170094887e-10,2.384156314212682e-10,-1.88096555575612e-06,0.12134155835553594,sinkhorn_0.1,197,199.24021958758573,,0.1,190.2068921446557,9.889050370081486e-09,6,9.015724798501447e-08,7.427632583014201,10.20958960510593,0.7755043864071105,converged,100
True,0.5957745610573709,0.05891630918638471,rep06_m100,1.521637516509189e-10,1.700885981538447e-10,-1.683232142113411e-06,0.12134155713179308,sinkhorn_0.3,197,199.85067818918668,,0.3,169.72253562181916,9.917552311205723e-09,6,8.118085133610784e-08,2.5074547919793986,10.20958960510593,1.1408124450617732,converged,100
True,1.956585425118198,0.2449190505522778,rep06_m100,5.781286907535765e-13,1.5990550680453075e-10,-1.3848703304120136e-06,0.12134156202263689,sinkhorn_1,300,203.34625902465294,,1.0,91.56197435088183,1.5124950278582336e-08,6,6.761073043920594e-08,1.5483627499779686,10.20958960510593,2.2011501089005816,iteration_limit,100
,0.08364907906672446,,rep06_m200,4.38017677684144e-17,4.81385764583564e-17,0,0.12134156200617832,r_exact,8,198.991928976033,,0,,0,6,0,2.162,10.2095896051059,0.5240686982988002,converged,200
True,0.08364907906670323,0.0,rep06_m200,4.77048955893622e-16,4.77048955893622e-16,0.0,0.12134156200617835,pot_exact,8,198.99192897603263,1.7763568394002505e-15,0,,0.0,6,0.0,0.26093520800350234,10.20958960510593,0.524068698298796,converged,200
True,0.18779071686324236,0.016518881228966033,rep06_m200,1.649204063244869e-10,2.0653018488123176e-10,-1.8585652696856414e-06,0.1213415600500225,sinkhorn_0.1,188,199.23003517205944,,0.1,189.49268632471762,9.808110737697606e-09,6,8.947376514933788e-08,12.238202917040326,10.20958960510593,0.7691907801421288,converged,200
True,0.5952398069262036,0.06449128218056807,rep06_m200,3.8725844579701185e-11,1.5636339835770063e-10,-1.6516541165856324e-06,0.12134156162368936,sinkhorn_0.3,242,199.88581715119048,,0.3,167.59733828520845,9.854894577729248e-09,6,7.993051097587395e-08,5.552615709020756,10.20958960510593,1.1574273436498412,converged,200
True,1.9565856204431602,0.25924002631129245,rep06_m200,5.849569960358902e-13,1.4976439706437805e-10,-1.55709325611042e-06,0.12134156202280787,sinkhorn_1,300,203.33824013880522,,1.0,84.48522917211538,1.850840346659864e-08,6,7.658797265387532e-08,2.741285833006259,10.20958960510593,2.199570644152788,iteration_limit,200
,0.09002254413707318,,rep07_m050,1.50920942409982e-16,2.21177243187043e-16,0,0.09783591578732062,r_exact,12,207.028262172015,,0,,0,7,0,1.007,9.92430278182222,0.6687022732260645,converged,50
True,0.09002254413705345,0.0,rep07_m050,2.2898349882893854e-16,2.5673907444456745e-16,0.0,0.09783591578732051,pot_exact,12,207.02826217201482,8.881784197001252e-16,0,,0.0,7,0.0,0.11487808398669586,9.924302781822215,0.6687022732260645,converged,50
True,0.19469436510418933,0.007365952477311124,rep07_m050,1.195352137585426e-10,1.7958781683979907e-10,-1.968702775911879e-06,0.09783589974155063,sinkhorn_0.1,154,207.12621790422452,,0.1,199.13173115764982,9.8864341961143e-09,7,9.7439641370485e-08,3.9618971250019968,9.924302781822215,0.7628982777362086,converged,50
True,0.5791995871174748,0.054149218663996905,rep07_m050,3.139195847712273e-11,1.6167967702498953e-10,-1.7873014144242916e-06,0.09783591463417371,sinkhorn_0.3,197,207.70442668906793,,0.3,180.7830347476251,9.886444263142979e-09,7,8.89647201134359e-08,1.7717213750001974,9.924302781822215,1.069901222294545,converged,50
True,2.171801288788026,0.2619895900105982,rep07_m050,1.0438698516690437e-15,4.8733718883281485e-11,-1.7427644110057372e-06,0.09783591578727317,sinkhorn_1,300,211.90769759289122,,1.0,109.68757574690171,1.5888439246184704e-08,7,8.774538563059449e-08,1.0302229999797419,9.924302781822215,2.2828082262014977,iteration_limit,50
,0.07517698590098817,,rep07_m100,3.55618312575245e-17,5.3776427755281e-17,-3.84500793870757e-07,0.09783591578732095,r_exact,10,206.889627126045,,0,,1.85848270160938e-09,7,5.90693646778003e-32,1.355,9.92430278182222,0.5357169507715243,converged,100
True,0.07517698590103544,6.359023279023077e-33,rep07_m100,3.469446951953614e-16,3.469446951953614e-16,-3.8450079387075675e-07,0.09783591578732084,pot_exact,10,206.88962712604467,1.7763568394002505e-15,0,,1.8584827016093796e-09,7,6.359023279023077e-33,0.17642570799216628,9.924302781822215,0.535716950771525,converged,100
True,0.18662684764213927,0.012789645986754685,rep07_m100,2.0443527686681007e-10,5.111953646844136e-10,-1.9471449093089177e-06,0.0978359073285765,sinkhorn_0.1,155,207.06285433282972,,0.1,198.4238559355253,9.813058419921871e-09,7,9.670081211858472e-08,6.7227337079821154,9.924302781822215,0.7272685435275257,converged,100
True,0.575014036403086,0.06146934688005803,rep07_m100,4.1001452667083216e-11,1.7684426796213404e-10,-1.758984467414848e-06,0.09783591430478362,sinkhorn_0.3,278,207.6982640509463,,0.3,178.71308218927118,9.842505252296705e-09,7,8.756085887818675e-08,4.059752083034255,9.924302781822215,1.0732277882472385,converged,100
True,2.1728011024820875,0.2715152514995105,rep07_m100,1.1167282376600696e-15,5.463108307748876e-11,-1.024476460997903e-06,0.09783591578727124,sinkhorn_1,245,211.8788717990996,,1.0,102.80858581745933,9.964891965424986e-09,7,5.137522275976358e-08,1.31626170797972,9.924302781822215,2.2766440864325608,converged,100
,0.06972695177567009,,rep07_m200,4.7271214720368e-17,4.90059381963448e-17,-1.90497414109814e-06,0.09783591578732073,r_exact,9,206.820162588147,,0,,9.21077567928101e-09,7,1.41637307566365e-31,2.394,9.92430278182222,0.4657838939962453,converged,200
True,0.06972695177574652,1.8977710098334496e-32,rep07_m200,4.77048955893622e-16,4.77048955893622e-16,-1.904974141098137e-06,0.09783591578732041,pot_exact,9,206.82016258814673,1.7763568394002505e-15,0,,9.210775679281017e-09,7,1.8977710098334496e-32,0.3040203339769505,9.924302781822215,0.4657838939962468,converged,200
True,0.18476390608334636,0.01657939179131123,rep07_m200,1.2150870760951893e-10,2.315690967973072e-10,-1.968485321413027e-06,0.09783590634881284,sinkhorn_0.1,157,207.05193461868606,,0.1,197.73158494380147,9.955340733123443e-09,7,9.878195277107767e-08,11.33893700002227,9.924302781822215,0.7202343856018452,converged,200
True,0.5747210866032899,0.0637952808734065,rep07_m200,1.1364364050497899e-10,1.9605419544765912e-10,-1.7430024286113621e-06,0.09783591322218503,sinkhorn_0.3,297,207.68323868694165,,0.3,176.64616233229418,9.867196594591183e-09,7,8.690871984177487e-08,7.285632750019431,9.924302781822215,1.0702085904059613,converged,200
True,2.172571113631387,0.2860805234408832,rep07_m200,1.0902737046514233e-15,6.257555281233285e-11,-1.1677617379746152e-06,0.09783591578727131,sinkhorn_1,300,211.91052857064093,,1.0,95.92955632669312,1.2173117112961945e-08,7,5.865841973341221e-08,2.820113666995894,9.924302781822215,2.2837647293772734,iteration_limit,200
,0.087176047692535,,rep08_m050,1.26634813746307e-16,1.96891114523368e-16,-4.6407947706939e-07,0.034152141361165886,r_exact,11,200.903268233181,,0,,2.30996479090993e-09,8,2.24166050051442e-32,0.922999999999995,9.14963864110536,0.6132749950169961,converged,50
True,0.08717604769251462,1.7243542311649372e-33,rep08_m050,2.2898349882893854e-16,2.5326962749261384e-16,-4.6407950549109955e-07,0.03415214136116524,pot_exact,11,200.90326823318117,8.881784197001252e-16,0,,2.3099649323795563e-09,8,1.7243542311649372e-33,0.10583695798413828,9.149638641105362,0.6132749950169952,converged,50
True,0.23262548632233682,0.009499568666970387,rep08_m050,1.2297641724390296e-10,1.4356418484573474e-10,-1.8371051737631205e-06,0.03415214998931718,sinkhorn_0.1,187,201.03080387998227,,0.1,193.62897365519171,9.487759613933432e-09,8,9.685299687515366e-08,5.025857207947411,9.149638641105362,0.745167092404586,converged,50
True,0.699269253911116,0.061634232198097244,rep08_m050,6.490493992955537e-11,8.377911602311383e-11,-1.7528049340853613e-06,0.034152137070130845,sinkhorn_0.3,198,201.7169042195074,,0.3,176.6923708798632,9.920093934837402e-09,8,9.45037335853001e-08,1.9443148339632899,9.149638641105362,1.1457737994534871,converged,50
True,1.8341715552498168,0.1745619673265302,rep08_m050,6.7221345677326294e-12,1.032928152733259e-10,-1.106763676261835e-06,0.034152140933517566,sinkhorn_1,191,204.07325213990333,,1.0,111.42842650302546,9.932507350257218e-09,8,5.988179385367722e-08,0.6882366249919869,9.149638641105362,1.9224087577327673,converged,50
,0.06411586512201274,,rep08_m100,3.20923843055709e-17,5.55111512312578e-17,2.8421709430404e-14,0.034152141361165365,r_exact,8,200.778622076839,,0,,1.41557448379773e-16,8,0,1.098,9.14963864110536,0.5003808508367671,converged,100
True,0.06411586512204044,0.0,rep08_m100,3.469446951953614e-16,3.469446951953614e-16,-2.842170943040401e-14,0.03415214136116505,pot_exact,8,200.77862207683847,1.7763568394002505e-15,0,,1.4155744837977295e-16,8,0.0,0.13756295799976215,9.149638641105362,0.5003808508367663,converged,100
True,0.22271475952623,0.013899386936025363,rep08_m100,3.9469334875072426e-10,5.739070000482238e-10,-1.8416809552945779e-06,0.034152146376645744,sinkhorn_0.1,164,200.9611780914359,,0.1,192.96986216913353,9.5438785985327e-09,8,9.913602864549279e-08,9.208229749987368,9.149638641105362,0.7121517697178882,converged,100
True,0.6943032134935578,0.07269900033533686,rep08_m100,1.7986531404903805e-10,1.7986531404903805e-10,-1.724960014826138e-06,0.03415213192194872,sinkhorn_0.3,249,201.72101743344112,,0.3,174.78074881280173,9.869279136969129e-09,8,9.3219166466848e-08,3.633509957988281,9.149638641105362,1.1628331170050155,converged,100
True,1.822114950902105,0.19738115104742696,rep08_m100,1.4706167707212447e-11,7.88786627160809e-11,-1.0468924642736965e-06,0.03415214077763144,sinkhorn_1,156,204.18881339884527,,1.0,105.08536901555084,9.962304587704428e-09,8,5.6680367040152435e-08,0.8618660830543377,9.149638641105362,1.9517941792252234,converged,100
,0.04935241062667141,,rep08_m200,4.42354486374086e-17,5.160802341031e-17,-3.63684250714869e-07,0.03415214136116545,r_exact,14,200.705021430087,,0,,1.81203363754676e-09,8,6.20767523219377e-32,3.581,9.14963864110536,0.4197881174704737,converged,200
True,0.0493524106267074,0.0,rep08_m200,4.77048955893622e-16,4.77048955893622e-16,-3.6368425071486854e-07,0.03415214136116548,pot_exact,14,200.70502143008662,1.7763568394002505e-15,0,,1.8120336375467608e-09,8,0.0,0.43027745798463,9.149638641105362,0.41978811747047445,converged,200
True,0.21805222086780665,0.01774860072756628,rep08_m200,1.5003006042374478e-10,2.905908638717314e-10,-1.8337356948450179e-06,0.03415213916679125,sinkhorn_0.1,154,200.9331355438432,,0.1,192.32535538100547,9.534549793127682e-09,8,9.913917317635265e-08,11.895436874998268,9.149638641105362,0.6927116009575192,converged,200
True,0.6934083578081293,0.07628732862532973,rep08_m200,2.235399031678964e-10,2.942142514859858e-10,-1.7264671612338134e-06,0.034152144769227524,sinkhorn_0.3,240,201.66911125813604,,0.3,172.87389532710338,9.98685857529325e-09,8,9.395464396073739e-08,6.363715834042523,9.149638641105362,1.1412235954008416,converged,200
True,1.8101601330366737,0.21381398379535552,rep08_m200,4.068167738444095e-10,4.068167738444095e-10,-9.801581484225608e-07,0.03415213704210342,sinkhorn_1,163,204.2461388062481,,1.0,98.74194632748349,9.926461601661226e-09,8,5.31108022130497e-08,1.540317332954146,9.149638641105362,1.9674538577516145,converged,200
,0.10942109465527312,,rep09_m050,1.71737624121704e-16,2.02962646689286e-16,-3.72722297470318e-08,0.046830315753800644,r_exact,9,222.496033180173,,0,,1.67518625874133e-10,9,7.45318717024209e-33,0.780000000000001,8.46736717811839,0.6429634293492703,converged,50
True,0.10942109465527312,0.0,rep09_m050,2.220446049250313e-16,2.6020852139652106e-16,-3.7272201325322385e-08,0.04683031575380054,pot_exact,9,222.49603318017304,8.881784197001252e-16,0,,1.6751849813383542e-10,9,0.0,0.08323979197302833,8.467367178118389,0.6429634293492705,converged,50
True,0.21930611628335753,0.0068423604597943255,rep09_m050,1.232789265635803e-10,1.3222779381844019e-10,-1.743865567505054e-06,0.04683032273408138,sinkhorn_0.1,199,222.5786899521646,,0.1,215.80040245779773,8.080918911882246e-09,9,9.946994053036196e-08,5.482704958005343,8.467367178118389,0.7263608701060789,converged,50
True,0.580840487326804,0.05856712137932129,rep09_m050,6.776577606351641e-11,7.802007867888094e-11,-1.7185897434046637e-06,0.04683031830588926,sinkhorn_0.3,181,223.15208787996764,,0.3,200.25727023022924,8.581909294379555e-09,9,9.984851531624701e-08,1.702243624953553,8.467367178118389,1.0562328307431061,converged,50
True,1.941949017693136,0.20419819967079547,rep09_m050,7.701933708859077e-13,6.228504517702405e-11,-1.3957078977000492e-06,0.0468303157636544,sinkhorn_1,199,226.226935196827,,1.0,139.82303278444374,9.981959738491892e-09,9,8.187564680827536e-08,0.7124605000135489,8.467367178118389,2.0036680903992607,converged,50
,0.08484799841506611,,rep09_m100,3.64291929955129e-17,5.55111512312578e-17,0,0.046830315753800644,r_exact,9,222.363536088854,,0,,0,9,0,1.231,8.46736717811839,0.517019852734278,converged,100
True,0.08484799841501377,0.0,rep09_m100,3.469446951953614e-16,3.469446951953614e-16,0.0,0.0468303157538005,pot_exact,9,222.36353608885415,8.881784197001252e-16,0,,0.0,9,0.0,0.14617833303054795,8.467367178118389,0.517019852734279,converged,100
True,0.21099160459675004,0.01343025025306333,rep09_m100,5.50535555077919e-10,5.755897312595404e-10,-1.689758960310428e-06,0.046830323369414284,sinkhorn_0.1,137,222.5089243293231,,0.1,215.1858621563242,7.852555600581033e-09,9,9.829443194781623e-08,12.807907583017368,8.467367178118389,0.6877143816609919,converged,100
True,0.5772712303489662,0.06848949122412745,rep09_m100,1.6414695080610442e-10,1.6414695080610442e-10,-1.7123108477790083e-06,0.046830319379148194,sinkhorn_0.3,244,223.18259640061746,,0.3,198.48935844839923,8.626713524556724e-09,9,9.960055762048107e-08,3.558805584034417,8.467367178118389,1.076736239992942,converged,100
True,1.9335679936410124,0.21650602864637422,rep09_m100,6.973788300307371e-12,7.473808941518834e-11,-1.3256701265618176e-06,0.04683031578836434,sinkhorn_1,157,226.20812742190637,,1.0,133.95328183195474,9.896510897772334e-09,9,7.766215894684771e-08,0.836968292016536,8.467367178118389,2.004097016046403,converged,100
,0.07514817885208203,,rep09_m200,4.59701721133854e-17,4.85722573273506e-17,2.8421709430404e-14,0.04683031575380094,r_exact,9,222.292893719411,,0,,1.27857031121649e-16,9,0,2.399,8.46736717811839,0.43676825851003503,converged,200
True,0.07514817885209385,0.0,rep09_m200,4.77048955893622e-16,4.77048955893622e-16,0.0,0.046830315753800644,pot_exact,9,222.29289371941047,1.7763568394002505e-15,0,,0.0,9,0.0,0.29620179103221744,8.467367178118389,0.4367682585100354,converged,200
True,0.20865444600619323,0.015943876786628064,rep09_m200,2.7315040897549214e-10,5.078438303565691e-10,-1.716212636893033e-06,0.046830319969817645,sinkhorn_0.1,157,222.48907919450363,,0.1,214.59203790685035,7.99755964810069e-09,9,9.955944128991988e-08,12.55683074996341,8.467367178118389,0.6658004724326664,converged,200
True,0.5760352544480827,0.07786389619251297,rep09_m200,1.8437812995125702e-10,1.8437812995125702e-10,-1.6909612554627529e-06,0.04683031973271261,sinkhorn_0.3,215,223.14501080787784,,0.3,196.72721905726104,8.595461517889781e-09,9,9.909473194708159e-08,5.645643749972805,8.467367178118389,1.0582291321065587,converged,200
True,1.9292723966513063,0.22570001348448948,rep09_m200,1.1737638942396766e-10,1.1737638942396766e-10,-1.272559956078112e-06,0.046830316051996425,sinkhorn_1,120,226.14629662954783,,1.0,128.08411932852314,9.935345225513857e-09,9,7.429996915244287e-08,1.1093251669663005,8.467367178118389,1.9895242825930048,converged,200
,0.13587786642793917,,rep10_m050,1.27502175484295e-16,1.89084858881472e-16,0,0.10739089744913201,r_exact,15,212.049977086667,,0,,0,10,0,1.27099999999999,6.13390046098251,0.5772840403556025,converged,50
True,0.13587786642796532,0.0,rep10_m050,2.185751579730777e-16,2.6020852139652106e-16,0.0,0.10739089744913129,pot_exact,15,212.04997708666653,8.881784197001252e-16,0,,0.0,10,0.0,0.1382991669815965,6.133900460982508,0.5772840403556012,converged,50
True,0.22875627084353592,0.007849788832223559,rep10_m050,2.7772348093133004e-10,3.890579598937738e-10,-1.2282303885058354e-06,0.10739089576459013,sinkhorn_0.1,190,212.12404869645866,,0.1,207.23274132771755,5.926816261548255e-09,10,9.978284542844489e-08,5.262609375000466,6.133900460982508,0.6768168174655892,converged,50
True,0.5186502709753025,0.053969773307359574,rep10_m050,1.8230704185856483e-10,1.8590881828775552e-10,-1.3004219852064125e-06,0.10739089134886894,sinkhorn_0.3,300,212.46576957840307,,0.3,196.0403532040557,6.633440285768867e-09,10,1.0519846333219338e-07,2.770857499970589,6.133900460982508,0.9446758409724824,iteration_limit,50
True,1.8375191148517638,0.25764114050077347,rep10_m050,1.7373125507647025e-13,7.064247103949484e-11,-1.2264313795640192e-06,0.10739089744709375,sinkhorn_1,217,215.34650852311466,,1.0,152.32807994677364,8.05124944867849e-09,10,9.971357846748826e-08,0.7832502500386909,6.133900460982508,2.0173243132726673,converged,50
,0.11666812624681411,,rep10_m100,4.85722573273506e-17,6.50521303491303e-17,0,0.10739089744913068,r_exact,10,211.959875673909,,0,,0,10,0,1.353,6.13390046098251,0.46396174652184546,converged,100
True,0.11666812624679888,0.0,rep10_m100,3.469446951953614e-16,3.469446951953614e-16,0.0,0.107390897449131,pot_exact,10,211.95987567390893,1.7763568394002505e-15,0,,0.0,10,0.0,0.1773970000213012,6.133900460982508,0.4639617465218448,converged,100
True,0.2230456939825482,0.013572607009283352,rep10_m100,1.5047591428105078e-10,3.300781145805509e-10,-1.2258416859367571e-06,0.10739089644925925,sinkhorn_0.1,181,212.06942614781545,,0.1,206.79620845768807,5.9277763737194314e-09,10,9.902899383342304e-08,7.807888250041287,6.133900460982508,0.6295982405647367,converged,100
True,0.5169452627832347,0.0592415874204925,rep10_m100,2.524461798457389e-10,3.808606286251348e-10,-1.5750657382795907e-06,0.1073909001610158,sinkhorn_0.3,300,212.41953994506477,,0.3,194.7624879899115,8.08711031471033e-09,10,1.273523697122877e-07,4.361932332976721,6.133900460982508,0.9181083799592976,iteration_limit,100
True,1.8281716834015873,0.27580385847051386,rep10_m100,4.850262986383358e-12,7.167888851911108e-11,-1.2278343888283416e-06,0.1073908974255457,sinkhorn_1,252,215.3959549664241,,1.0,148.07508211667266,8.291971620719597e-09,10,9.949901484060462e-08,1.3943142499774694,6.133900460982508,2.0311795409234055,converged,100
,0.10656733233724483,,rep10_m200,4.33680868994202e-17,4.59701721133854e-17,0,0.10739089744913122,r_exact,12,211.912341756308,,0,,0,10,0,3.27800000000001,6.13390046098251,0.3905987968028734,converged,200
True,0.10656733233724483,0.0,rep10_m200,4.77048955893622e-16,4.77048955893622e-16,0.0,0.10739089744913069,pot_exact,12,211.91234175630763,8.881784197001252e-16,0,,0.0,10,0.0,0.3744530840194784,6.133900460982508,0.39059879680287063,converged,200
True,0.22110304273014658,0.015934790432403895,rep10_m200,2.064299430178107e-10,2.064299430178107e-10,-1.2406678706611274e-06,0.10739089234989238,sinkhorn_0.1,143,212.05008354067655,,0.1,206.36632002159047,6.01196873148908e-09,10,9.919598823659722e-08,10.877770624996629,6.133900460982508,0.6030511750720501,converged,200
True,0.5164274801084187,0.06434487558281266,rep10_m200,3.55214111597002e-10,4.3030779156918997e-10,-1.2324957197051845e-06,0.1073909008617262,sinkhorn_0.3,281,212.41511269581915,,0.3,193.48645531531534,6.369932767881514e-09,10,9.959951254141283e-08,7.2079636250273325,6.133900460982508,0.9139276393651444,converged,200
True,1.822947004221365,0.2936833708439731,rep10_m200,1.1125215332308258e-14,9.04909723542513e-10,-1.2309392616316472e-06,0.10739089744899401,sinkhorn_1,182,215.3865239724087,,1.0,143.82288267700662,8.558716305671582e-09,10,9.981008244691945e-08,1.8096585409948602,6.133900460982508,2.0270526158838473,converged,200
