-2.144491131445587229e-01,2.502059607352830728e+00
1.095923329355383835e-01,2.305876941700018001e-01
2.303809564833549040e+00,1.069792866562595535e+00
-8.713115402137510124e-01,-9.099000130410623832e-01
1.604924457969258089e+00,-1.002165377263398938e+00
-1.587520218546572437e+00,6.970365207449873424e-01
3.275119259081872514e+00,2.781375103003297600e+00
2.427853215576589285e+00,-3.127207722218083852e+00
-4.395111059076750593e-03,-1.114542426976616873e+00
-5.123689732674190367e-01,6.009544364972589925e-01
-1.148283205640522997e+00,1.358239837055669419e+00
1.108894099329094995e+00,-3.421997470830349108e+00
1.074694183493018595e+00,-2.611286261163612288e-01
-1.147093868987711929e+00,-3.602675175066258006e+00
5.165950440263640253e-01,1.086230021622216935e+00
4.903357670953938374e-01,-4.325257486655043060e-01
2.008824196284753949e+00,-6.664812063316638557e-02
-1.300487658529390522e+00,-8.784093776786816576e-02
1.266300551314154532e-01,3.206903651424232837e+00
-1.406960304995357625e+00,2.206389592036162028e+00
-3.520100143471438070e+00,1.377745394738565832e+00
4.087411049631528570e-01,2.088961349648222221e+00
1.816401933246409195e+00,-1.890213594520722573e+00
1.788688186352631160e+00,1.995987037285129606e+00
-2.534583692360978802e+00,2.824965878591719104e+00
-1.625983585393857567e-01,1.143053587855768161e+00
-3.276215606258158886e+00,-1.886675415759134777e+00
-1.469596724433127388e+00,-8.640186749581131309e-01
3.190793639716362762e+00,-1.624479487344928419e+00
1.030206004395948671e+00,1.846588243871751800e+00
1.692282539766769567e-01,-2.763018258481879652e+00
6.890008577948467661e-01,4.012005638574001054e-01
-3.674585474268631913e+00,-1.878975339404114209e-01
9.310473423531808734e-01,-1.213384802183111066e+00
-5.490955466509879201e-01,-1.243502246653696020e-01
-3.384550582975132116e-01,1.810571582591152584e+00
-2.536218887763230789e-01,-5.072283820656560138e-01
-2.178135618081630476e+00,-9.157310175415491749e-01
-7.436678165852517175e-01,4.869558332640200327e+00
1.232693264537058742e+00,9.841251526629233304e-01
-1.047524476637460289e+00,3.106583754325254354e+00
4.326261272535747437e-01,-1.854530502035949713e+00
-5.578921347185583635e-01,-1.950298522039572102e+00
-2.245782345634993238e+00,1.213816563125764247e+00
-1.387483179635279118e+00,-2.044580688864066076e+00
2.635003522898895501e+00,-8.693189527110778414e-01
3.713988430811581587e+00,5.184328143635363872e-02
1.211232308012042402e+00,3.461918812234045184e+00
1.661535022787173244e+00,4.928391687372610797e-01
-2.214804142275652588e+00,1.789010370981420905e-01
