"iter","objective","residual","relative_change","marginal_error"
0,350.760994098962,16.3778887201373,Inf,3.81639164714898e-17
1,200.822916853595,0.0025054805300053,0.427465082400422,5.55111512312578e-17
2,200.794829943433,0.000772792668411795,0.000139859088804126,4.42354486374086e-17
3,200.785986957701,0.000447699364135891,4.40399074754527e-05,3.64291929955129e-17
4,200.781058343255,0.000145091301082663,2.4546605669239e-05,4.9439619065339e-17
5,200.77946739619,5.2134254002128e-05,7.92379061476091e-06,2.60208521396521e-17
6,200.778864347654,2.64787305082971e-05,3.0035368803439e-06,3.03576608295941e-17
7,200.778622076839,2.70184753595656e-31,1.20665497638411e-06,3.20923843055709e-17
8,200.778622076839,0,1.41557448379773e-16,3.20923843055709e-17
