1.245401770679410269e+00,-7.570418463280166321e-01
-6.946479911963217013e-01,1.488607097347476316e+00
3.229061808206809658e+00,3.510444211701561734e+00
-2.878872684072253385e+00,-1.494629401440434879e+00
2.235021506437004035e+00,6.034645481591782712e-01
9.485312460746180285e-01,2.303572525960523087e+00
-7.320378930303892417e-01,-5.672999917338854559e-01
-3.535488425997421302e+00,1.689774493152056412e+00
3.772551354919109201e-01,-2.170742973110920460e+00
1.983024260076748924e+00,2.846952728197178040e+00
3.507703327774049917e-01,2.993755973605519483e+00
1.680589715841209753e-01,7.051963342067115725e-01
4.216094026672111639e+00,5.030918961302464965e+00
-1.661153996392396692e+00,-9.380040154975715083e-01
1.057935773704019589e+00,8.227608175228380283e-01
2.737359823574578410e+00,1.178307661350683766e+00
3.768902471414448563e+00,-2.996093322622961352e-02
-4.638759657923068325e-01,2.526432880584251972e+00
-1.481581877867864883e+00,3.409055234205729423e+00
-2.737137910716594291e+00,1.423765113156885143e-01
2.371394241414687354e+00,4.756301179853424266e+00
3.546507617785849220e+00,2.275942529642996259e+00
-7.943480215149163470e-01,1.276797697247729069e-01
-1.470937954188153984e+00,-1.862381436464343620e+00
-5.306111903323831314e-01,-1.747477045010399355e+00
-2.328006949042197071e+00,8.934258382361348616e-01
1.676446873269826554e+00,1.338753684657927323e-01
1.508898602158215141e-02,2.033936056529000780e+00
2.404904235700420223e+00,-7.263988165234822603e-01
-2.122007583023959754e+00,-3.094982694454898375e+00
-3.603425707959040381e-02,4.392523236026526945e+00
-1.925833534123341906e+00,-2.477719062710952436e-01
2.553430081405395846e+00,2.092409549782344946e+00
1.789452960474534393e+00,1.917232870727645810e+00
-1.349782644981669222e+00,2.764915276919306386e-01
8.757270494959796814e-01,-5.564379139309583167e-02
-2.901586785604211016e-01,4.399726473414991013e-01
4.658347281853661315e+00,1.585029352249141876e+00
6.009966761846641248e-02,-3.923846465190568011e-01
-1.700589254383761961e-01,1.381572165670265750e+00
1.499016586167805087e+00,3.638250793809953976e+00
-1.062297031926513036e+00,2.020524965567500608e+00
7.317728891928076962e-01,1.417345690240390255e+00
-2.042117768228088437e+00,1.764039659512473879e+00
-4.401482761144185574e+00,-2.742005702587881899e+00
1.884965080166947082e-01,-1.107539570953373964e+00
-4.342218175281470138e+00,-3.095670751454733249e-01
1.340929173984340750e+00,1.589022559154537273e+00
-1.054250585448218036e+00,7.780323518601925947e-01
1.511808779303900785e+00,-1.854523358429618796e+00
