-2.129955099500810967e-01,-8.746727167652812440e-02
2.271918293989072524e-02,-6.372355376076965783e-02
1.491745564739355157e+00,1.207693743902491068e+00
-2.376746012429564736e-01,-9.028623232913846053e-02
1.261931091414445483e-01,2.464177102501593719e+00
-1.850751687600296069e+00,-1.595667572325631056e+00
1.448183030308317853e+00,-1.332556452648444800e+00
-2.052956253136648535e-01,-8.861694386782614785e-02
1.781392840495197305e-01,2.439683286527180694e+00
2.020746104648932562e+00,3.348877864989339592e+00
-4.371963696212994854e-01,4.546305486983968080e+00
-3.377164471601057372e-02,-3.166581217926172975e+00
-1.536446940614362155e+00,6.661259464670279407e-01
-1.945431634950951505e-01,-8.750060575825147069e-02
1.678096518081552357e+00,1.014334844977097472e+00
9.819142434922900620e-02,2.473773446240520535e+00
1.501231318409711912e+00,-2.493603699551554698e+00
7.272863772229332113e-01,4.015984949073736487e-02
-1.851334906827765359e+00,-1.595121788515838634e+00
2.019180476825911619e+00,3.346543932752819472e+00
6.766852802310951986e-02,2.485821247482348006e+00
-1.138727825384107106e-01,-8.048148996206716532e-02
1.142904154719155407e-01,2.469761181105444514e+00
1.998298643773204875e+00,1.161115905377580138e+00
-1.991742810236676320e-01,-8.797657294441396658e-02
6.457232495475602185e-01,7.043952707294476312e-02
2.018622343674849162e+00,3.345705310129243326e+00
1.447815072610295406e+00,-1.330197516076865760e+00
3.242237312014717432e-02,2.507591418461264876e+00
4.240279022139370468e-02,2.485909288857416133e+00
-2.661252341008917277e-01,-9.363082684463863714e-02
1.159026265786461618e+00,-4.781888340083519928e-01
-2.165585054334751014e-01,-8.990211898983524463e-02
7.116259023817939067e-02,2.483631815896142125e+00
-2.117575762731753741e-01,-8.856966412532507604e-02
-1.630667706963607078e+00,-1.773538721197396972e+00
1.696117286368755472e+00,1.058180697525552105e+00
-1.912029637400696203e-01,-8.693328020436874581e-02
-1.856542337102702334e-01,-8.749951339292794117e-02
-1.816214097026154217e+00,-1.625267569414533542e+00
-2.660811692186619837e-01,-8.222614874445977051e-02
2.762226859348189123e-01,2.406564640457249382e+00
-2.121899477618747643e+00,-1.303547895216499608e+00
1.499042918335722119e+00,-2.522277756370597146e+00
1.574744224409911908e-01,2.451364424105670903e+00
3.492365406810211681e-01,-1.499826091968792241e-02
4.971359455629587032e-02,2.487422824691207346e+00
1.473185908481511763e+00,8.431526948239120856e-01
-3.377162719077775321e-02,-3.166581214724828897e+00
2.018958005662788935e+00,5.604117762870823860e+00
9.412211885822863167e-02,2.476894494946856984e+00
-2.875295364444996338e-01,-8.141519041540812296e-02
-1.326582799013862335e-01,-7.980880899134445983e-02
-2.632525537675658445e+00,-2.668777354470419638e-01
1.013398048462139656e-01,2.473161916213674427e+00
1.933078648239818564e+00,1.217417771444623487e+00
-1.515927962083460478e+00,-4.487210471725557426e+00
-1.433016770834465436e+00,6.826621016852882917e-01
-3.279008998426169441e-02,-7.188212648508507385e-02
-8.916092171218292783e-01,2.055451643302975029e+00
-2.643551546618713832e+00,-2.989050711189920051e-01
2.023515462655613106e+00,3.352961595990322952e+00
-1.507794756255960600e+00,-4.458852731765185595e+00
1.464200364402980625e+00,8.469392049076249762e-01
-4.371994881657785825e-01,4.546317216520837867e+00
-1.963733285734483580e-01,-8.800349931816642268e-02
4.031090262157128734e-01,2.335622001687718718e+00
3.579269927385219319e+00,7.692003229728348046e-01
1.618623574484945316e+00,1.015122537901633315e+00
-7.428985657099351769e-02,-7.588238761113652586e-02
-2.098143528222595755e-01,-8.874706497163220575e-02
8.162362288680067302e-01,1.751057116586567375e-01
1.912894112910762168e+00,1.130352911682414696e+00
-2.326145705703837052e-01,-8.932414057533488716e-02
1.239445105510244005e-01,2.465342215329638709e+00
9.906769472108241104e-01,-1.967346924904749272e-01
2.022331717596957734e+00,3.351222753682741917e+00
1.650800108653843523e+00,2.083836355457110212e+00
2.610808839270655213e-01,2.405706947478813973e+00
-1.921012881868648936e+00,-1.527158488040940565e+00
1.443125459444291714e+00,-1.301289048544428173e+00
-2.272446771887666195e-01,-9.049582158117353003e-02
-1.888040903531118531e-01,-8.690483097509149601e-02
2.540217939941333825e-01,-3.547141153795774215e-02
1.498862348443442905e+00,-2.120841760429763134e+00
-1.833690210596122139e+00,-1.606378773836584450e+00
2.019650785470830545e+00,3.347246705991316240e+00
1.454360089990103244e+00,-1.374421630497546953e+00
5.943047025727796751e-01,7.251539050796770525e+00
1.019123275319821609e+00,3.222534281058790917e-01
1.985328646275827502e+00,1.154741108407416839e+00
9.717495091210461844e-01,-1.821994013720429351e-01
-1.454637874113254181e+00,7.364817114081865235e-01
-2.638391296190957913e+00,-2.832303069846831001e-01
-1.241112140593618740e-01,-8.131256481524795632e-02
-3.376892397577835325e-02,-3.166580690574445356e+00
-1.932884492967330559e-01,-8.751147192913411033e-02
-3.377134386917113318e-02,-3.166581159780236021e+00
2.021735115835715302e+00,3.350342669856817057e+00
-2.313340204429894520e-01,-8.975919890752281916e-02
-1.839151673120857033e+00,-1.606335514986903190e+00
-1.838144349814143652e+00,-1.607285205448940602e+00
4.465106730976531324e-02,2.497994591028956268e+00
-2.617378714890929992e-01,-9.368500215765784844e-02
3.733798593194728177e-01,-6.786233278074149666e-03
-1.735666486383862228e-01,-8.579530366147869458e-02
-3.377623371186189161e-02,-3.166582093506582041e+00
2.019703938146388822e+00,3.347325767361553517e+00
1.029629058090919536e-01,2.471698768707592198e+00
-3.377183067294309282e-02,-3.166581254153920000e+00
4.046215254424812002e-01,2.338775278811039637e+00
1.446220528677613082e+00,-1.320133384826275069e+00
-6.018811301635729194e-04,-6.757780455216888527e-02
-1.854310769342704113e-01,-8.722212592192590819e-02
1.453080781622140716e+00,-1.365375800756154945e+00
-1.800404048299554916e+00,-1.637153499737269646e+00
-1.881394083858287658e-01,-8.718668534565354733e-02
2.006712613006550683e+00,1.163187643594132847e+00
1.470893788260451807e+00,1.127498297921977422e+00
-2.012992474958221756e-01,-8.859285056393639834e-02
-2.230562608700119576e-01,-8.965379177587839976e-02
-1.961302564460190467e+00,3.987283396894287790e-01
-3.377158277500180716e-02,-3.166581206119588821e+00
1.820249128697245311e+00,1.105269569322467671e+00
-1.836478729620358408e+00,-1.608794287733441575e+00
-9.077571153703130058e-01,2.035967209016031010e+00
5.217188167298836277e-02,2.490885095767465085e+00
1.444791676085084742e+00,-1.311324793827617352e+00
2.004265300792582583e+00,3.323301878741428794e+00
1.554305606956307706e-01,2.452965122196117953e+00
-3.378154086385221078e-02,-3.166583077597143081e+00
-6.520292676485905936e-01,2.250079254360834558e+00
-1.723165615284560914e-01,-8.631008263086625831e-02
9.055286388794803187e-02,2.477239526842999418e+00
-1.889868651737596661e+00,-1.558281010769708930e+00
-2.644915546113315141e+00,-3.033135271818596657e-01
2.946626262773319738e-01,2.394461793022981677e+00
-2.636197040568669880e+00,-2.769563994494310677e-01
1.213420693133295813e-01,2.465584958452592623e+00
-2.188077516790096766e-01,-8.953452136973094611e-02
2.284809440027393279e-01,-3.093821896909920710e-02
2.020711007710893181e+00,3.348825805969235070e+00
8.063860557399937790e-02,2.479978497626786460e+00
-2.088906780602006741e-01,-8.901214319049577384e-02
1.054211850259627603e-01,2.469213109879309531e+00
-1.473804741867071222e+00,6.988180288233452053e-01
2.019737560658015685e+00,3.347375880838566964e+00
3.524853449944083117e-01,-1.833117895802827135e-02
6.368686419009872424e-02,2.486812800479768271e+00
1.247422762791792206e+00,5.890774101632749726e-01
-1.949489413376133129e-01,3.221336575591534412e+00
1.431833226053163877e+00,-1.238997238956244917e+00
2.021379643566159512e+00,3.349817031223134567e+00
-1.836510274600779979e-01,-8.665689051649883012e-02
-1.990552245431866929e-01,-8.805486056465383626e-02
2.900920061150272566e+00,4.239539624195149514e+00
3.617359462659115454e+00,7.613530451554200162e-01
1.258162987225519558e-01,2.465196564160565984e+00
6.050781825657924884e-02,2.464600400238245115e+00
1.298818878389322862e-01,2.461473221132306044e+00
1.448539989211120371e+00,-1.334858307243636855e+00
-2.230997336709843459e-01,-8.741343008941404591e-02
7.163715271418835684e-02,2.480992989123081305e+00
1.364934051098625201e+00,1.279663495109766735e+00
-2.714239417350405859e-01,-8.556731670083816965e-02
-1.899159939875194603e-01,-8.741730534400371511e-02
-2.287385611684649156e-01,-8.899397132862763016e-02
1.441308350256185200e+00,-1.290619269824055060e+00
1.966727507227685301e+00,1.149092021617118320e+00
-3.377285363237048088e-02,-3.166581452315620382e+00
-2.117697322665823556e-01,-8.875200016900341993e-02
-7.736377947889705453e-02,-7.607151098514863818e-02
7.344592479744704860e-02,2.477966640685239419e+00
2.020072706604291390e+00,3.347876269224043799e+00
-1.823607745034424354e+00,-1.620370353328552282e+00
-4.371994629406104060e-01,4.546317121644261938e+00
1.024927883173787357e+00,2.923428943732360175e-01
1.442466012678067511e+00,-1.297384994750503395e+00
-2.646508219184272814e+00,-3.086376968154005418e-01
-4.274538177565436747e-01,4.508628261565318596e+00
1.964814645108869273e+00,1.156942279787077865e+00
1.230735713277590904e-01,2.465928776043714521e+00
9.334769740900439317e-02,-5.335946255585177767e-02
2.795270879062683456e-01,2.394811364340360793e+00
-1.844841077454705491e+00,-1.601058985424838710e+00
9.353428277353681430e-01,3.211104249273644129e-02
1.992519957532816299e+00,1.159071522078193972e+00
5.868076897637206635e-01,2.236908488005171947e+00
-4.196529783482194631e-02,-7.226160800102077175e-02
-1.856007879621088819e-01,-8.690290619758922475e-02
6.691440906885670614e-02,2.483893838644239960e+00
-1.757376745443486321e-01,-8.495750099045595860e-02
6.494309396441799720e-02,-5.887021872407194323e-02
1.588420637386676493e+00,9.529502934831204364e-01
2.020626314574092586e+00,3.348700041204235589e+00
2.017322918605533033e+00,3.343745781519320559e+00
3.449331478626076475e-01,-1.415138493947942777e-02
-8.115310885026261190e-02,-7.684549971128040724e-02
1.455489977101318555e+00,1.189313529832790373e+00
1.449485880095596091e+00,-1.341023326855458109e+00
