iter,objective,residual,relative_change,marginal_error,max_inner_iterations,inner_converged
0,361.1660872742593,26.54269389459573,inf,7.9819565887429e-11,520,True
1,192.23628684651706,0.009254256291272793,0.4677343925136076,4.5209669341517156e-11,100,True
2,192.16474666335606,0.0007071503311491431,0.0003721471337933375,1.0070547997939605e-10,80,True
3,192.1579336845067,0.00023349434345683312,3.545384347363637e-05,9.314129892704082e-11,80,True
4,192.15543395249983,0.00011667885749515311,1.3008736922473291e-05,9.844490110252901e-11,80,True
5,192.1541469409395,6.61485234234586e-05,6.6977630236583156e-06,1.0332763811238266e-10,80,True
6,192.15340084467095,4.1562536176368054e-05,3.882800764046791e-06,1.0686837309190067e-10,80,True
7,192.15292098705112,2.8956264527688323e-05,2.497263216406555e-06,1.0944774904084187e-10,80,True
8,192.15257916002253,2.2132725685542207e-05,1.7789322526875044e-06,1.1140543956095206e-10,80,True
9,192.1523130556659,1.8190601383814797e-05,1.3848596661547803e-06,1.129522851119058e-10,80,True
10,192.152091405135,1.5733686492155256e-05,1.1535147684608152e-06,1.1421628139801632e-10,80,True
11,192.1518979684047,1.4070120793077898e-05,1.0066855316048234e-06,1.1527856273729764e-10,80,True
12,192.15172400168342,1.2846613582402211e-05,9.053604108571857e-07,1.1619342033669655e-10,80,True
13,192.1515646109593,1.1878289088297744e-05,8.29504522791196e-07,1.1699903068942974e-10,80,True
14,192.15141692449228,1.1066927652272569e-05,7.685936219967686e-07,1.1772324955139357e-10,80,True
15,192.15127914714498,1.0359910273497484e-05,7.170248833470045e-07,1.1838694607968492e-10,80,True
16,192.15115006175046,9.728707407640101e-06,6.717904512122908e-07,1.1900597217742725e-10,80,True
17,192.1510287662193,9.15733622186729e-06,6.312506124460553e-07,1.1959242754086552e-10,80,True
18,192.15091453723124,8.636195946573664e-06,5.9447502720546e-07,1.201556124562353e-10,80,True
19,192.15080676118538,8.158877621565924e-06,5.608927031401963e-07,1.207026865610028e-10,80,True
20,192.15070489963833,7.720592404609108e-06,5.301125130220436e-07,1.212391879598651e-10,80,True
21,192.1506084715507,7.3174384686147975e-06,5.018357215014863e-07,1.2176940445557394e-10,80,True
22,192.15051704330142,6.946073218053691e-06,4.758155594950984e-07,1.2229671051897095e-10,80,True
23,192.15043022216605,6.603566190793854e-06,4.5183919723462786e-07,1.2282379583880565e-10,80,True
24,192.15034765137221,6.287325852281485e-06,4.2971953661848633e-07,1.2335282101316736e-10,80,True
25,192.15026900597184,5.995054268523509e-06,4.092909606461326e-07,1.2388553854644768e-10,80,True
26,192.1501939892459,5.7247119481832346e-06,3.9040656210305975e-07,1.2442341124421774e-10,80,True
27,192.1501223295376,5.474486915843395e-06,3.729359144714435e-07,1.2496765818340028e-10,80,True
28,192.15005377746735,5.242766349407018e-06,3.5676308406702385e-07,1.255193071876548e-10,80,True
29,192.14998810349852,5.028110384964951e-06,3.4178480589910784e-07,1.2607923342497496e-10,80,True
30,192.14992509582783,4.8292279434437e-06,3.279087930822417e-07,1.26648194102158e-10,80,True
31,192.14986455857525,4.644954427794599e-06,3.1505217891454176e-07,1.2722681111757006e-10,80,True
32,192.1498063102501,4.474231121358889e-06,3.031400790520459e-07,1.278156291743826e-10,80,True
33,192.149750182473,4.316086141982118e-06,2.9210426061643e-07,1.2841508065242202e-10,80,True
34,192.14969601893372,4.169616869466134e-06,2.81881913652162e-07,1.2902551466478784e-10,80,True
35,192.14964367456705,4.03397385247476e-06,2.7241451724273187e-07,1.29647226114471e-10,80,True
36,192.14959301492686,3.908346301688681e-06,2.636468078305835e-07,1.3028038847381906e-10,80,True
37,192.14954391573886,3.791949377631324e-06,2.5552584959368607e-07,1.3092514832696578e-10,80,True
38,192.14949626260722,3.684013572140081e-06,2.4800023291242817e-07,1.3158155294512586e-10,80,True
39,192.14944995084832,3.5837765491559454e-06,2.410194135002402e-07,1.322495784758515e-10,80,True
40,192.14940488541924,3.490477838228203e-06,2.3453321926691808e-07,1.3292916593854454e-10,80,True
41,192.14936098090286,3.403356747977975e-06,2.2849155538563243e-07,1.336201873973486e-10,80,True
42,192.14931816150906,3.32165377337361e-06,2.2284432058067116e-07,1.343224624410222e-10,80,True
43,192.14927636104616,3.2446156020615385e-06,2.1754156244439814e-07,1.3503576685655605e-10,80,True
44,192.14923552281812,3.171503583297767e-06,2.125338633528047e-07,1.3575983523125834e-10,80,True
45,192.1491955994046,3.1016052227927447e-06,2.0777295002811675e-07,1.3649436832532946e-10,80,True
46,192.14915655228748,3.0342479384887636e-06,2.0321249332012342e-07,1.372390361076281e-10,80,True
47,192.14911835129874,2.9688140001410782e-06,1.9880903682189657e-07,1.3799348209247997e-10,80,True
48,192.1490809738789,2.904755332965986e-06,1.945229837647155e-07,1.387573237733586e-10,80,True
49,192.1490444041516,2.841606745655667e-06,1.9031955359125014e-07,1.3953015695969406e-10,80,True
50,192.14900863183988,2.778996186839103e-06,1.8616960511022998e-07,1.403115562105539e-10,80,True
51,192.14897365106435,2.716650858844843e-06,1.82050252422805e-07,1.4110107700304741e-10,80,True
52,192.1489394590798,2.6543984085614724e-06,1.7794518442753184e-07,1.418982448903039e-10,80,True
53,192.14890605501276,2.592162924802116e-06,1.738446599475975e-07,1.4270255506779184e-10,80,True
54,192.1488734386661,2.5299560256737473e-06,1.6974515925086412e-07,1.4351348451638324e-10,80,True
55,192.14884160944956,2.4678638336155733e-06,1.656487283493808e-07,1.4433046077733103e-10,80,True
56,192.14881056548603,2.406031031011779e-06,1.6156206444622918e-07,1.4515289317729163e-10,80,True
57,192.14878030292493,2.344643411354141e-06,1.5749543808259524e-07,1.45980136399132e-10,80,True
58,192.14875081547768,2.2839103687704093e-06,1.5346153747990863e-07,1.4681150739548343e-10,80,True
59,192.14872209417194,2.2240486177555846e-06,1.4947432974277238e-07,1.4764629146027386e-10,80,True
60,192.14869412730528,2.165268149145809e-06,1.455480232344842e-07,1.484837357235147e-10,80,True
61,192.14866690056755,2.1077610686283453e-06,1.416961892560718e-07,1.4932303570719396e-10,80,True
62,192.1486403972949,2.0516935924626026e-06,1.379310773454715e-07,1.5016338346385272e-10,80,True
63,192.14861459881521,1.9972011444275514e-06,1.3426313943243188e-07,1.5100391987168948e-10,80,True
64,192.14858948484584,1.944386242558329e-06,1.3070075693282882e-07,1.5184379578356277e-10,80,True
65,192.14856503391132,1.8933186993595218e-06,1.2725013794546e-07,1.5268213559779809e-10,80,True
66,192.14854122375172,1.844037582635546e-06,1.2391536517460865e-07,1.535180710852957e-10,80,True
67,192.14851803170254,1.7965543816980427e-06,1.2069854413940598e-07,1.5435073618536022e-10,80,True
68,192.14849543503183,1.7508568751515598e-06,1.176000259328067e-07,1.5517928652133972e-10,80,True
69,192.14847341122703,1.706913280150017e-06,1.146186690305401e-07,1.5600289766590225e-10,80,True
70,192.14845193822956,1.6646763601771348e-06,1.1175211071488573e-07,1.5682077338097233e-10,80,True
71,192.1484309946179,1.6240872644504007e-06,1.0899703554044346e-07,1.5763215125558228e-10,80,True
72,192.14841055974347,1.585078957621123e-06,1.0634942131703396e-07,1.5843632482359649e-10,80,True
73,192.1483906138245,1.5475791685017233e-06,1.0380475654515225e-07,1.5923260756819935e-10,80,True
74,192.1483711380041,1.5115128396971002e-06,1.0135822797268882e-07,1.6002038799936558e-10,80,True
75,192.14835211437924,1.476804097097594e-06,9.900487191251259e-08,1.6079908498473072e-10,80,True
76,192.14833352600562,1.443377781540797e-06,9.673969834371523e-08,1.6156817593884765e-10,80,True
77,192.14831535688492,1.4111605974126281e-06,9.455778439442972e-08,1.6232720506312304e-10,80,True
78,192.1482975919385,1.3800819373511794e-06,9.24543438623892e-08,1.6307574214613485e-10,80,True
79,192.1482802169713,1.3500744411011128e-06,9.042477824607685e-08,1.6381343894214528e-10,80,True
80,192.14826321862947,1.3210743420420698e-06,8.846470973019719e-08,1.6453996498633217e-10,80,True
81,192.1482465843545,1.2930216485738956e-06,8.656999908376473e-08,1.652550713458767e-10,80,True
82,192.14823030233484,1.265860200473563e-06,8.473675897280226e-08,1.6595853207304612e-10,80,True
83,192.14821436145778,1.239537633349765e-06,8.296135248147345e-08,1.6665017889966327e-10,80,True
84,192.14819875126148,1.2140052778719763e-06,8.124039222485851e-08,1.6732988649195701e-10,80,True
85,192.14818346188872,1.189218014730062e-06,7.957073162218742e-08,1.6799755683805095e-10,80,True
86,192.14816848404257,1.1651341014294203e-06,7.794945483881244e-08,1.686531396309643e-10,80,True
87,192.14815380894416,1.141714983023606e-06,7.637386569275165e-08,1.6929661665610052e-10,80,True
88,192.14813942829295,1.1189250956616815e-06,7.484147478622649e-08,1.6992800179124745e-10,80,True
89,192.14812533422975,1.0967316692576111e-06,7.334998530594026e-08,1.7054732756247026e-10,80,True
90,192.14811151930155,1.0751045336566963e-06,7.18972832608075e-08,1.711546702976019e-10,80,True
91,192.14809797642963,1.0540159311731156e-06,7.04814209155499e-08,1.717501202022631e-10,80,True
92,192.14808469887925,1.0334403372930878e-06,6.910060791588891e-08,1.7233377789041548e-10,80,True
93,192.1480716802321,1.01335429052486e-06,6.775319753251006e-08,1.7290577476736235e-10,80,True
94,192.14805891436083,9.937362318461507e-07,6.643767571541143e-08,1.734662548151522e-10,80,True
95,192.1480463954051,9.74566353805177e-07,6.515265266280745e-08,1.7401537892938745e-10,80,True
96,192.1480341177503,9.558264590898437e-07,6.389684936089034e-08,1.7455331928137308e-10,80,True
97,192.14802207600727,9.374998282399957e-07,6.26690931464377e-08,1.7508025758339318e-10,80,True
98,192.1480102649941,9.195710960880712e-07,6.146830469030338e-08,1.7559636774147624e-10,80,True
99,192.14799867971942,9.02026136465842e-07,6.02934928204313e-08,1.761018574887585e-10,80,True
100,192.147987315367,8.84851954743268e-07,5.914374594280235e-08,1.7659693282365274e-10,80,True
101,192.14797616728163,8.680365877385282e-07,5.8018226124857576e-08,1.7708178283101783e-10,80,True
102,192.14796523095677,8.515690105992793e-07,5.691615948102288e-08,1.7755662565233088e-10,80,True
103,192.1479545020224,8.354390502474936e-07,5.583683572900362e-08,1.780216707554516e-10,80,True
104,192.14794397623496,8.196373050527163e-07,5.477959665239537e-08,1.7847712240406932e-10,80,True
105,192.14793364946743,8.041550703704191e-07,5.374383565697041e-08,1.789232017754272e-10,80,True
106,192.14792351770123,7.889842696545479e-07,5.272898859993188e-08,1.7936010749536324e-10,80,True
107,192.14791357701796,7.741173908630799e-07,5.1734533937857054e-08,1.797880472970137e-10,80,True
108,192.14790382359274,7.595474278582821e-07,5.075998503510261e-08,1.802072401892174e-10,80,True
109,192.14789425368795,7.452678265673143e-07,4.9804887797174545e-08,1.80617876124195e-10,80,True
110,192.14788486364753,7.312724356439575e-07,4.886881771243291e-08,1.8102016370244445e-10,80,True
111,192.14787564989223,7.175554613940295e-07,4.795137511880497e-08,1.8141429634563333e-10,80,True
112,192.14786660891502,7.041114267293071e-07,4.7052184020475356e-08,1.8180048048585529e-10,80,True
113,192.14785773727738,6.909351339185662e-07,4.617088809417457e-08,1.8217888959545792e-10,80,True
114,192.14784903160572,6.78021630922981e-07,4.530714921003452e-08,1.8254971883083226e-10,80,True
115,192.14784048858843,6.653661810689622e-07,4.446064491703218e-08,1.8291315294002852e-10,80,True
116,192.14783210497336,6.529642358761777e-07,4.363106578051611e-08,1.832693679974795e-10,80,True
117,192.1478238775653,6.408114107940192e-07,4.2818115530132716e-08,1.8361853660817107e-10,80,True
118,192.147815803224,6.289034636576427e-07,4.2021507805687604e-08,1.8396083007604647e-10,80,True
119,192.1478078788628,6.172362756543877e-07,4.124096423424824e-08,1.8429641406719766e-10,80,True
120,192.14780010144648,6.058058345998024e-07,4.0476216796805866e-08,1.8462544644146095e-10,80,True
121,192.14779246799057,5.946082203371497e-07,3.972700131998551e-08,1.8494809113020483e-10,80,True
122,192.1477849755599,5.83639592073093e-07,3.899306146978114e-08,1.8526449428388214e-10,80,True
123,192.14777762126755,5.728961774738016e-07,3.82741457932452e-08,1.8557481072656312e-10,80,True
124,192.14777040227443,5.623742633561873e-07,3.757000579558836e-08,1.8587917966980672e-10,80,True
125,192.14776331578804,5.520701878082401e-07,3.688039875058708e-08,1.8617774899878925e-10,80,True
126,192.1477563590623,5.419803336009952e-07,3.6205083115196874e-08,1.8647064187887752e-10,80,True
127,192.1477495293966,5.321011227441242e-07,3.5543822227454743e-08,1.8675800229212003e-10,80,True
128,192.14774282413566,5.224290120518765e-07,3.4896380312755175e-08,1.8703995253652184e-10,80,True
129,192.1477362406689,5.12960489606702e-07,3.426252455467742e-08,1.8731662358370538e-10,80,True
130,192.14772977643008,5.03692072007754e-07,3.364202435541074e-08,1.8758812775701572e-10,80,True
131,192.14772342889705,4.946203022913833e-07,3.303465015243148e-08,1.8785459125758575e-10,80,True
132,192.14771719559127,4.857417484489232e-07,3.244017504558245e-08,1.8811612640876052e-10,80,True
133,192.14771107407753,4.770530024398826e-07,3.185837346583381e-08,1.8837284640124685e-10,80,True
134,192.14770506196385,4.6855067963680596e-07,3.128902058362331e-08,1.886248566194959e-10,80,True
135,192.14769915690093,4.6023141862588106e-07,3.0731894083851285e-08,1.8887226114691624e-10,80,True
136,192.1476933565819,4.5209188130979146e-07,3.018677327838891e-08,1.8911517057212945e-10,80,True
137,192.1476876587421,4.44128753247949e-07,2.965343851441803e-08,1.8935367119762847e-10,80,True
138,192.14768206115878,4.363387441989516e-07,2.913167147026652e-08,1.8958787274467315e-10,80,True
139,192.14767656165085,4.287185888160503e-07,2.8621255599159532e-08,1.8981785804630946e-10,80,True
140,192.14767115807834,4.212650474592053e-07,2.812197686880269e-08,1.9004373031858424e-10,80,True
141,192.14766584834223,4.1397490709601177e-07,2.7633621986393802e-08,1.9026557109350084e-10,80,True
142,192.1476606303841,4.0684498226400617e-07,2.7155979729869615e-08,1.904834723114035e-10,80,True
143,192.14765550218578,3.998721160645405e-07,2.6688840799992907e-08,1.906975111674869e-10,80,True
144,192.14765046176905,3.930531811806903e-07,2.6231997080775565e-08,1.9090777439792483e-10,80,True
145,192.147645507195,3.8638508089303483e-07,2.5785244006137112e-08,1.9111434440208241e-10,80,True
146,192.14764063656395,3.7986475008047945e-07,2.5348377453671943e-08,1.9131729924251606e-10,80,True
147,192.14763584801491,3.7348915620451266e-07,2.4921196111307695e-08,1.9151671437969697e-10,80,True
148,192.1476311397252,3.672553002546116e-07,2.4503500589811992e-08,1.9171265660047898e-10,80,True
149,192.14762650990986,3.611602176549334e-07,2.4095094606122968e-08,1.9190520570214198e-10,80,True
150,192.14762195682147,3.552009791293889e-07,2.3695782616695773e-08,1.9209443280834848e-10,80,True
151,192.14761747874962,3.4937469151363245e-07,2.33053721841609e-08,1.922804047059523e-10,80,True
152,192.14761307402028,3.4367849851515005e-07,2.2923673977326605e-08,1.9246319035021164e-10,80,True
153,192.14760874099554,3.3810958142103865e-07,2.2550499996189067e-08,1.9264285566061856e-10,80,True
154,192.147604478073,3.3266515974499077e-07,2.2185665346926636e-08,1.9281946395457994e-10,80,True
155,192.14760028368534,3.27342491823721e-07,2.1828987502321923e-08,1.9299307594741744e-10,80,True
156,192.14759615629995,3.221388753510246e-07,2.148028585801573e-08,1.9316375278813358e-10,80,True
157,192.14759209441812,3.170516478610288e-07,2.113938409916541e-08,1.9333155909517785e-10,80,True
158,192.14758809657485,3.1207818715015344e-07,2.0806106502546178e-08,1.9349654474185018e-10,80,True
159,192.1475841613381,3.072159116492051e-07,2.0480281782369617e-08,1.936587795507705e-10,80,True
160,192.14758028730847,3.024622807397355e-07,2.016173998404888e-08,1.9381830558898305e-10,80,True
161,192.14757647311853,2.978147950191437e-07,1.9850314702940854e-08,1.939751870412565e-10,80,True
162,192.14757271743247,2.9327099651717173e-07,1.954584145727145e-08,1.9412947334720987e-10,80,True
163,192.14756901894526,2.88828468858853e-07,1.9248159906877806e-08,1.9428121698222833e-10,80,True
164,192.14756537638254,2.8448483738497286e-07,1.8957110599056916e-08,1.9443047042169703e-10,80,True
165,192.1475617884997,2.8023776922841464e-07,1.8672538666468204e-08,1.945772792021072e-10,80,True
166,192.1475582540817,2.7608497334050964e-07,1.8394290129233804e-08,1.947216944978014e-10,80,True
167,192.14755477194225,2.7202420048239576e-07,1.812221544492513e-08,1.948637644473561e-10,80,True
168,192.14755134092343,2.680532431719674e-07,1.785616699399136e-08,1.950035332862199e-10,80,True
169,192.14754795989512,2.6416993559485455e-07,1.7595999967257026e-08,1.9514105175505447e-10,80,True
170,192.14754462775454,2.6037215347813975e-07,1.734157221800718e-08,1.952763597524998e-10,80,True
171,192.14754134342564,2.5665781393022877e-07,1.709274455782073e-08,1.9540950064664275e-10,80,True
172,192.1475381058586,2.530248752452206e-07,1.6849380608655545e-08,1.9554052170869807e-10,80,True
173,192.14753491402928,2.49471336677541e-07,1.6611346359101342e-08,1.9566946066890134e-10,80,True
174,192.14753176693876,2.459952381870691e-07,1.6378511051877178e-08,1.9579635959429686e-10,80,True
175,192.1475286636129,2.4259466015498185e-07,1.6150745408839598e-08,1.9592125881720546e-10,80,True
176,192.14752560310154,2.3926772307278014e-07,1.5927924589305105e-08,1.960441978025862e-10,80,True
177,192.14752258447837,2.36012587206287e-07,1.570992478798139e-08,1.961652181838025e-10,80,True
178,192.14751960684026,2.3282745223761066e-07,1.5496625009961087e-08,1.9628434251225957e-10,80,True
179,192.1475166693065,2.2971055688054677e-07,1.5287908845715763e-08,1.9640163150327905e-10,80,True
180,192.14751377101877,2.266601784794759e-07,1.5083659589865944e-08,1.9651709946832963e-10,80,True
181,192.14751091114044,2.2367463258728096e-07,1.4883764382832256e-08,1.9663079628071123e-10,80,True
182,192.14750808885594,2.207522725234563e-07,1.4688113767088046e-08,1.967427466602334e-10,80,True
183,192.14750530337056,2.178914889181571e-07,1.4496599024670464e-08,1.9685299050553606e-10,80,True
184,192.14750255390976,2.1509070923906868e-07,1.4309115283419105e-08,1.9696155383747138e-10,80,True
185,192.14749983971882,2.123483973018271e-07,1.4125559298235306e-08,1.9706847612099843e-10,80,True
186,192.14749735219476,2.0966307418984297e-07,1.2945909049219693e-08,5.004931798863188e-11,100,True
187,192.1474947064643,2.0703323086275103e-07,1.3769268389334919e-08,5.006455926909181e-11,100,True
188,192.14749209385207,2.044574600039667e-07,1.3596910222478035e-08,5.0079848688128203e-11,100,True
189,192.14748951367824,2.0193436553424042e-07,1.3428090053977696e-08,5.0095188847826266e-11,100,True
190,192.14748696528017,1.994625852762968e-07,1.3262718542781254e-08,5.011057931450513e-11,100,True
191,192.14748444801262,1.9704079026304826e-07,1.3100705016579187e-08,5.012600360829178e-11,100,True
192,192.1474819612469,1.9466768416888953e-07,1.2941963388449939e-08,5.0141467800718376e-11,100,True
193,192.14747950437084,1.923420027482562e-07,1.2786407867293211e-08,5.015696712129536e-11,100,True
194,192.14747707678782,1.9006251326845948e-07,1.2633957099481628e-08,5.0172509376278374e-11,100,True
195,192.1474746779171,1.8782801394329544e-07,1.2484528843881028e-08,5.0188082856283955e-11,100,True
196,192.1474723071928,1.8563733336079742e-07,1.2338045592663335e-08,5.0203687127631236e-11,100,True
197,192.14746996406393,1.8348932991145508e-07,1.219442983799121e-08,5.0219313516702835e-11,100,True
198,192.14746764799378,1.8138289121266314e-07,1.2053607326173077e-08,5.0234971130797e-11,100,True
199,192.1474653584596,1.7931693353714993e-07,1.1915505282670072e-08,5.025064912789201e-11,100,True
200,192.1474630949524,1.7729040123693986e-07,1.1780052412096389e-08,5.02663540132009e-11,100,True
201,192.14746085697632,1.7530226617085714e-07,1.1647179933632526e-08,5.028207451102107e-11,100,True
202,192.14745864404853,1.7335152713496997e-07,1.1516820397696609e-08,5.0297814090799475e-11,100,True
203,192.1474564556987,1.714372092942561e-07,1.1388908573441495e-08,5.031357101781264e-11,100,True
204,192.1474542914688,1.6955836361639295e-07,1.126338041334217e-08,5.0329341822613616e-11,100,True
205,192.14745215091284,1.6771406630959284e-07,1.1140173349028283e-08,5.034512563784066e-11,100,True
206,192.14745003359624,1.659034182673633e-07,1.1019228066278104e-08,5.0360917693004215e-11,100,True
207,192.1474479390959,1.6412554451186557e-07,1.0900484659199226e-08,5.03767149523382e-11,100,True
208,192.1474458669996,1.623795936508212e-07,1.07838867718807e-08,5.039252088528956e-11,100,True
209,192.1474438169059,1.6066473733112348e-07,1.0669377752573643e-08,5.040832378247484e-11,100,True
210,192.1474417884238,1.5898016970384027e-07,1.05569039078466e-08,5.042413925640532e-11,100,True
211,192.1474397811723,1.57325106893915e-07,1.044641287550823e-08,5.0439948658803635e-11,100,True
212,192.1474377947804,1.5569878647740888e-07,1.0337852589194486e-08,5.045575719384021e-11,100,True
213,192.14743582888656,1.5410046696424508e-07,1.0231173792943315e-08,5.047155965734462e-11,100,True
214,192.14743388313863,1.5252942728788544e-07,1.0126327822452677e-08,5.048736038612556e-11,100,True
215,192.14743195719362,1.509849663048908e-07,1.0023266900912998e-08,5.0503151573927374e-11,100,True
216,192.1474300507171,1.4946640229982923e-07,9.921946357749661e-09,5.0518937123877894e-11,100,True
217,192.14742816338344,1.4797307249865758e-07,9.822320634887065e-09,5.0534704892912785e-11,100,True
218,192.1474262948753,1.4650433259211628e-07,9.724346392987994e-09,5.0550468325138986e-11,100,True
219,192.1474244448833,1.4505955626317743e-07,9.627982067705366e-09,5.056621267540695e-11,100,True
220,192.14742261310613,1.4363813472681508e-07,9.53318624260465e-09,5.0581944882610586e-11,100,True
221,192.14742079924997,1.422394762769567e-07,9.439919276241754e-09,5.0597657140494245e-11,100,True
222,192.14741900302852,1.4086300584140367e-07,9.348142414666216e-09,5.061335031641967e-11,100,True
223,192.14741722416267,1.395081645455057e-07,9.257818087253674e-09,5.062902007357817e-11,100,True
224,192.1474154623804,1.3817440928543806e-07,9.168909462957497e-09,5.0644673350863645e-11,100,True
225,192.14741371741644,1.368612123098429e-07,9.081381337805917e-09,5.066030104097785e-11,100,True
226,192.14741198901214,1.3556806080911233e-07,8.995199395321329e-09,5.0675905746006e-11,100,True
227,192.14741027691545,1.3429445651542382e-07,8.91032917110721e-09,5.069148009337332e-11,100,True
228,192.14740858088038,1.330399153094826e-07,8.8267391590878e-09,5.0707017577866775e-11,100,True
229,192.1474069006671,1.318039668383448e-07,8.74439726152014e-09,5.072253944984895e-11,100,True
230,192.14740523604178,1.3058615413824912e-07,8.66327241607203e-09,5.073802315791465e-11,100,True
231,192.14740358677622,1.293860332713287e-07,8.583335039570665e-09,5.075347000310648e-11,100,True
232,192.14740195264784,1.282031729658784e-07,8.504556140505694e-09,5.07688890927227e-11,100,True
233,192.1474003334395,1.2703715426789162e-07,8.426907319029307e-09,5.078426481425202e-11,100,True
234,192.14739872893927,1.2588757020100534e-07,8.350361358621024e-09,5.0799609744439644e-11,100,True
235,192.14739713894036,1.247540254324531e-07,8.274891634423088e-09,5.0814916510710795e-11,100,True
236,192.147395563241,1.2363613595107982e-07,8.200472113240522e-09,5.0830179908895046e-11,100,True
237,192.14739400164422,1.225335287510092e-07,8.127077501457397e-09,5.084539473482197e-11,100,True
238,192.14739245395762,1.2144584152184728e-07,8.05468428045019e-09,5.086058180517328e-11,100,True
239,192.1473909199936,1.2037272235124546e-07,7.98326745243183e-09,5.0875708160202926e-11,100,True
240,192.14738939956868,1.19313829431414e-07,7.912805421685824e-09,5.08908019891674e-11,100,True
241,192.14738789250396,1.1826883077515428e-07,7.843274521667499e-09,5.0905847679555416e-11,100,True
242,192.14738639862446,1.1723740393749204e-07,7.774654192070563e-09,5.092084132823915e-11,100,True
243,192.14738491775952,1.1621923574894474e-07,7.70692209759299e-09,5.0935780766814265e-11,100,True
244,192.14738344974216,1.1521402205048307e-07,7.6400590091713e-09,5.095067250049379e-11,100,True
245,192.1473819944094,1.1422146743963725e-07,7.574044218578753e-09,5.09655182640012e-11,100,True
246,192.14738055160188,1.1324128502192483e-07,7.508858496749183e-09,5.0980300710101734e-11,100,True
247,192.14737912116385,1.1227319617030476e-07,7.444483650028513e-09,5.0995037619711026e-11,100,True
248,192.14737770294315,1.1131693028966767e-07,7.380900597264272e-09,5.1009715982403003e-11,100,True
249,192.14737629679087,1.1037222458907482e-07,7.3180924760457266e-09,5.102433926762462e-11,100,True
250,192.14737490256155,1.0943882385949606e-07,7.2560413885476345e-09,5.103890053648197e-11,100,True
251,192.14737352011286,1.0851648025938957e-07,7.194731064021816e-09,5.105340455946461e-11,100,True
252,192.14737214930557,1.0760495310472615e-07,7.1341453796352364e-09,5.106784439767864e-11,100,True
253,192.14737079000352,1.067040086654302e-07,7.074268212553835e-09,5.1082226990017965e-11,100,True
254,192.14736944207345,1.0581341996789834e-07,7.015084623272165e-09,5.109654799967389e-11,100,True
255,192.14736810538506,1.0493296660319074e-07,6.956579228535223e-09,5.1110805258242076e-11,100,True
256,192.1473667798106,1.0406243454102988e-07,6.89873856799772e-09,5.1124996163637304e-11,100,True
257,192.14736546522525,1.0320161594753967e-07,6.841547554235248e-09,5.1139125052668266e-11,100,True
258,192.14736416150663,1.0235030901056543e-07,6.784993466481806e-09,5.115318281803671e-11,100,True
259,192.14736286853497,1.0150831776849445e-07,6.729062696473345e-09,5.116717943440263e-11,100,True
260,192.147361586193,1.0067545194378276e-07,6.673742227609835e-09,5.118109885557387e-11,100,True
261,192.1473603143657,9.985152678434539e-08,6.619020374536352e-09,5.1194954091976497e-11,100,True
