-4.243798347926563963e-01,7.099982665873700860e-01
1.899349514102432135e+00,-2.100093722929554652e-01
1.799008020758114945e-01,4.718652741135200834e-01
-2.969329504931366159e-01,6.610064511456963388e-01
2.841315824274501800e-01,4.294974146762302603e-01
-3.638660032929297294e-01,6.868280155768722306e-01
-3.911053553914305425e-01,6.972786816438230062e-01
1.919247651266107635e+00,-2.166531507925530953e-01
-1.269986976346322294e-01,5.945886910837527850e-01
1.917704058464530181e+00,-2.161399744845922122e-01
-4.578813140295436845e-01,7.227519564608306801e-01
1.615953541322556752e-01,4.792737375151472357e-01
1.806040353834482914e+00,-1.780644286855626035e-01
4.327652975348970088e-01,3.686081961495157877e-01
6.324798761888725807e-01,2.861765575941785933e-01
-4.101096848393197547e-01,7.045496474207046944e-01
1.910146906789455645e+00,-2.136221613357696114e-01
-3.937026372648166905e-01,6.982733768817015463e-01
-3.403559668021989282e-01,6.777810326392643692e-01
-1.390628697557927396e-01,5.993427496335597127e-01
1.918239784711744722e+00,-2.163181222411805216e-01
3.607844616885902411e-03,5.427658249498121812e-01
1.187499207634183485e+00,5.779976938935638131e-02
-4.423272672909406289e-01,7.168373211239673637e-01
-3.517924690245850528e-01,6.821850675567284750e-01
1.893303882408641226e+00,-2.079786628849684682e-01
-2.660034499800669749e-01,6.490079004601583268e-01
1.856143964389108447e+00,-1.953755508408470121e-01
1.911981475526312924e+00,-2.142342050295722444e-01
-3.205837985668469337e-01,6.701532592928303167e-01
1.911440865927915844e+00,-2.140539029504568980e-01
4.751163018974935426e-02,5.252058347328953936e-01
-4.227394073832777543e-01,7.093724058575643365e-01
1.038706852912041345e+00,1.183899422821332870e-01
-2.451453626115380757e-01,6.408932000074654134e-01
1.299770082772644386e-01,4.920458520058805796e-01
-3.006237471257344751e-01,6.624354579961138079e-01
-4.616038239878932359e-01,7.241657711463860281e-01
-3.977338513347832283e-01,6.998166152381812832e-01
1.797169818956368292e+00,-1.749630151159120572e-01
7.262087531903795856e-01,2.473675867358489100e-01
1.890774974569783051e+00,-2.071275509860850406e-01
1.913738964101259654e+00,-2.148200404163667088e-01
-2.312470024492174758e-01,6.354759080550906880e-01
-4.371082553984284580e-01,7.148501362516188617e-01
-4.110638771042443018e-01,7.049142739387777024e-01
-3.511919804645331489e-01,6.819539742408893268e-01
9.039122371469350270e-01,1.738510657809926307e-01
1.893061565161235027e+00,-2.078971525493762407e-01
-4.369378363074236660e-01,7.147852258669338266e-01
1.914854236096616091e+00,-2.151915507916135617e-01
-3.737675110556728519e-01,6.906307603471117940e-01
5.755236545001429782e-01,3.097347922144777499e-01
1.908553994290883793e+00,-2.130903127774907979e-01
8.358113428174629433e-02,5.107296803205807478e-01
-3.344394679078086519e-01,6.755003717628613735e-01
-5.815914565675273096e-02,5.673536777393608510e-01
-4.757959217303939781e-01,7.295498155015311958e-01
1.907110439320714335e+00,-2.126079913553526879e-01
1.762864872832117236e-01,4.733288379845603799e-01
-3.746447651905220333e-01,6.909674605029374472e-01
-4.296476892550185056e-01,7.120072167157156517e-01
-4.562119375641633390e-01,7.221177085243060123e-01
1.643067815760770767e+00,-1.194795667002477302e-01
-3.896416205851096493e-01,6.967179699255081626e-01
3.649767874536080647e-01,3.964398015521628516e-01
1.867364486388837896e+00,-1.992027858181590894e-01
1.006242508741257424e-01,5.038744724090271632e-01
-2.297937784629855429e-01,6.349090026963817301e-01
-2.729886379845702926e-01,6.517212887944625610e-01
1.615583254349441944e+00,-1.092912662390954637e-01
-4.125570862886398515e-01,7.054847902198602139e-01
-1.846965008566554545e-01,6.172728983442739015e-01
4.039407343888608004e-01,3.804540629344494995e-01
-3.362831425068235625e-01,6.762112295224722569e-01
1.901687926420387420e+00,-2.107933312058301034e-01
-2.899274821179367301e-01,6.582924324147401141e-01
1.812504876153764322e-01,4.713186383563283677e-01
-3.128675805957317202e-01,6.671717667519339034e-01
4.727880579944181427e-01,3.521346014695208027e-01
3.521042533624596516e-02,5.301326697578856439e-01
-4.085709134556942956e-01,7.039615455308294578e-01
1.916715187396448083e+00,-2.158110216829380867e-01
-3.795654342384016111e-01,6.928554170629181996e-01
2.465059805837821472e-01,4.448263118190842746e-01
1.917483660471028806e+00,-2.160666713226224722e-01
4.341107983349390409e-01,3.680548513442869485e-01
-4.545739238413659677e-01,7.214952462478636530e-01
1.897951450622548997e+00,-2.095402656247102868e-01
-1.713872664695634818e-01,6.120521476237374969e-01
2.299425180104699429e-01,4.515621980060235963e-01
-3.889394979872018432e-01,6.964489733195733390e-01
-3.663351713945743882e-01,6.877767348891243859e-01
1.915586274285478119e+00,-2.154352954727749569e-01
1.915216348377402511e+00,-2.153121327927687290e-01
8.033217642518448720e-01,2.154375379526181078e-01
6.860719280239839790e-01,2.639898499179631486e-01
1.876613695365441536e+00,-2.023436009928718526e-01
-4.354439887257801622e-01,7.142161800636903646e-01
1.907534142393480625e+00,-2.127495928542546544e-01
