0.714052306140636,0.102210360856875
-1.08373784469278,1.26556176967976
-0.846497536498766,-1.05588085605404
1.22418490625068,2.18966295352392
-0.773648554749883,2.27224816706592
-0.207278882457866,4.55440355975797
1.96711949339195,-1.96067628837072
-0.57335442665785,0.334573519695002
-0.512489685756888,-0.359318248525717
1.69555567627689,4.32343843343876
-0.547079677611354,2.96976040960682
-2.4185888080757,-1.97887552152763
1.69949579196382,-0.402469519615932
-0.417018191807272,-2.07564073518034
0.437846991104144,1.35662791614509
2.9451818825703,2.91935297012127
2.27911918781633,1.42333910196676
1.40939152877215,-1.01771600655157
-3.62621281406851,0.590190966545148
-0.0119263107510639,3.49585991270639
1.28201091521326,0.208987258718003
-0.243825313233976,-0.75702581058842
-2.5254504148978,-0.282734431584704
-0.127698294524163,0.404639062280343
1.56886519671204,2.72835154896819
-2.00284844134693,-0.618178905505591
0.355308575640787,0.362945113017176
-0.819786280772528,-3.12588645089718
1.1618116706032,1.28470796901585
3.2367156476603,1.22572476183624
2.48402142413765,0.856504470657491
0.0431136938593086,6.41588791734978
0.86735117106155,-1.35483628571653
0.714397778836628,3.22497656085399
-2.26370589261973,1.12570514947826
0.254956813727064,-2.17671254854714
0.567315026942596,2.51738913122857
-1.56110697000017,3.09978748580976
2.11228220005643,-1.10766001305345
0.0472250865281851,1.74673128643296
2.20298393212285,2.49651825094513
1.35983851347585,-3.49456432187669
0.164391613965273,-0.800970095371417
-2.1957318715755,-2.84968214171025
0.85392579610269,0.861611754220306
-0.50076952863531,-0.0397781904322305
-1.5308390829307,1.00680528133049
-2.26583387267431,0.518890184054515
0.0385612304115419,0.00423339793596167
-0.639579391880283,3.51541817232689
2.34594142998747,3.85920997608902
0.101536437452555,-4.60097159765442
0.766955712609926,4.38225137862451
0.0070942244669423,1.00416212930691
-3.17046476506769,-0.883290106749873
0.920148050721629,1.81821461485205
-0.641105342043152,-0.673137413076414
0.024550389842469,2.27881738105584
2.78725560003876,-0.22422010565201
3.14986222987501,-1.23467153348442
-2.15251691195333,-4.61284741189952
2.08261981103848,3.31600398966417
1.59246375773509,-1.72331181744575
2.4216997409934,5.6283681136476
-1.45631439994383,1.78675065034147
-0.0663376487692098,-3.63301050418624
0.40920942135733,-0.23786788667617
0.147370051744773,-1.26331607948138
-1.09674862886451,-0.256890182873931
-1.84095627151313,-1.41638862473805
-0.491864096519914,0.71691214054613
-0.953647702941244,0.640638114579281
-0.558733334995972,1.57627442421687
1.60363041575604,1.16188450467426
-0.526732347544208,-1.34667401902622
1.03994865882947,-0.302790140024086
-1.22498521067442,-0.69534827946815
-3.69411111116584,-1.65041220312749
0.531001667606571,1.02460257422626
0.447078192952961,1.91571379299038
4.13072098421734,0.675301007217976
-1.33677109047441,4.7546784944145
-1.12896810492415,-2.33891638298852
1.71472621098733,1.80801087053595
2.20474846883333,-2.95802174979803
1.29126876434044,3.48510873224314
-2.18176286093562,2.51264797226526
2.16964166342874,0.272574423643893
-1.43772334742099,-1.74196976111907
1.04552476562585,0.588232603964136
0.0847423142820904,2.87311789020936
0.842042480061246,-0.789244048658472
-1.30107219499516,0.170387770009442
0.0294633079046811,-0.343291019983228
1.03372715104512,2.70112777410552
1.66714487627066,0.571590650867017
3.78954641191281,4.265401527951
-0.26804977598422,2.42901579589822
1.15483143805277,-1.97452046925413
3.19467341282547,2.24546203243863
