"task_id","rep","digit","support","alpha","n_train","active_pixels_mean","active_pixels_sd","otsu_threshold_mean","runtime_sec","niter","history_first","history_last","history_min","history_length","monotone_violations","max_history_increase","frechet_variation"
1,1,0,40,1,10,136,30.2361079211962,0.00341355318193723,0.277,5,0.0681201852368539,0.0159877749256004,0.0159877749256004,6,0,0,0.0159877749256004
2,2,0,40,1,10,138.6,39.2094093015666,0.00347626433951171,0.295,5,0.0793893658468679,0.0170316256597271,0.0170316256597271,6,0,0,0.0170316256597271
3,3,0,40,1,10,128,20.3742757199148,0.00338870084895736,0.275,5,0.123340598083945,0.021647851545386,0.021647851545386,6,0,0,0.021647851545386
4,1,1,40,1,10,62.1,10.8366661540039,0.00679859322633635,0.138,5,0.0539843420042773,0.0170752362772984,0.0170752362772984,6,0,0,0.0170752362772984
5,2,1,40,1,10,69.8,16.0402272081442,0.00648269512580812,0.146,5,0.0683930644418572,0.0176289402534386,0.0176289402534386,6,0,0,0.0176289402534386
6,3,1,40,1,10,59.9,9.23098646468031,0.00723895763838967,0.134,5,0.0542342311764205,0.0144452577890891,0.0144452577890891,6,0,0,0.0144452577890891
7,1,2,40,1,10,110,22.8375908439475,0.00422020313457044,0.242,5,0.0519254868093764,0.0278215244827733,0.0278215244827733,6,0,0,0.0278215244827733
8,2,2,40,1,10,106.5,27.1917062518866,0.00433660188388486,0.223,5,0.0609212566287197,0.0326699112399869,0.0326699112399869,6,0,0,0.0326699112399869
9,3,2,40,1,10,116.6,32.7013421403125,0.00407441132398078,0.24,5,0.0897275986997969,0.02715633071556,0.02715633071556,6,0,0,0.02715633071556
10,1,3,40,1,10,119.6,32.3288656707215,0.00412375498310082,0.267,5,0.0941392490773833,0.028566367349787,0.028566367349787,6,0,0,0.028566367349787
13,1,4,40,1,10,95.1,31.9076793264568,0.00495153784872705,0.215,5,0.0649292307822186,0.023772914183898,0.023772914183898,6,0,0,0.023772914183898
16,1,5,40,1,10,104.5,23.8572141430358,0.00452030778928028,0.225,5,0.0796854309065999,0.0256831818198779,0.0256831818198779,6,0,0,0.0256831818198779
19,1,6,40,1,10,108.9,19.4961534667739,0.00418295163871544,0.231,5,0.0765962823517226,0.0240377755626354,0.0240377755626354,6,0,0,0.0240377755626353
22,1,7,40,1,10,99.5,23.1576721148257,0.00450239180936942,0.234,5,0.0793208460297702,0.0371032779010149,0.0371032779010149,6,0,0,0.0371032779010149
25,1,8,40,1,10,128.3,35.147467112787,0.00358470978554588,0.259,5,0.0577935538775712,0.0206472561865354,0.0206472561865354,6,0,0,0.0206472561865354
28,1,9,40,1,10,106.1,20.1574359039592,0.00436416433000525,0.239,5,0.0661482717676783,0.0267691682868111,0.0267691682868111,6,0,0,0.0267691682868111
