"file","task_id","data","algorithm","base_algorithm","split","alpha","cluster_index","nclust","repeat_id","runtime_sec","niter","history_first","history_last","history_min","history_length","monotone_violations","max_history_increase","seed"
"result_00001.RData",1,"pbmc","kmeans","kmeans",NA,NA,4,8,1,0.309,NA,NA,NA,NA,0,NA,NA,1010401
"result_00002.RData",2,"pbmc","skmeans","skmeans",NA,NA,4,8,1,0.877,NA,NA,NA,NA,0,NA,NA,1010402
"result_00003.RData",3,"pbmc","DVQ-5-alpha-1.00","DVQ",5,1,4,8,1,0.201,3,15365.0388612613,5627.38743474538,5627.38743474538,4,0,0,1010403
"result_00004.RData",4,"pbmc","DVQ-10-alpha-1.00","DVQ",10,1,4,8,1,0.193,5,11529.5565689865,5737.67127773514,5737.67127773514,6,0,0,1010404
"result_00005.RData",5,"pbmc","DVQ-5-alpha-0.50","DVQ",5,0.5,4,8,1,0.206,17,12566.42567684,5247.66776684954,5247.66776684954,18,0,0,1010405
"result_00006.RData",6,"pbmc","DVQ-10-alpha-0.50","DVQ",10,0.5,4,8,1,0.195,18,16302.5074813318,7249.77544311165,7249.77544311165,19,0,0,1010406
"result_00007.RData",7,"news","kmeans","kmeans",NA,NA,4,18,1,1.392,NA,NA,NA,NA,0,NA,NA,1010401
"result_00008.RData",8,"news","skmeans","skmeans",NA,NA,4,18,1,19.398,NA,NA,NA,NA,0,NA,NA,1010402
"result_00009.RData",9,"news","DVQ-5-alpha-1.00","DVQ",5,1,4,18,1,2.982,3,5.57745977472043,2.47253408962897,2.47253408962897,4,0,0,1010403
"result_00010.RData",10,"news","DVQ-10-alpha-1.00","DVQ",10,1,4,18,1,2.205,4,5.35373807873344,3.02433086921654,3.02433086921654,5,0,0,1010404
"result_00011.RData",11,"news","DVQ-5-alpha-0.50","DVQ",5,0.5,4,18,1,3.022,15,4.96081115687366,2.50478929118937,2.50478929118937,16,0,0,1010405
"result_00012.RData",12,"news","DVQ-10-alpha-0.50","DVQ",10,0.5,4,18,1,2.306,16,5.51893160063055,3.05068584957821,3.05068584957821,17,0,0,1010406
"result_00013.RData",13,"fashion","kmeans","kmeans",NA,NA,4,8,1,0.549,NA,NA,NA,NA,0,NA,NA,1010401
"result_00014.RData",14,"fashion","skmeans","skmeans",NA,NA,4,8,1,2.085,NA,NA,NA,NA,0,NA,NA,1010402
"result_00015.RData",15,"fashion","DVQ-5-alpha-1.00","DVQ",5,1,4,8,1,0.644,3,94787757.8340825,3648639.73452944,3648639.73452944,4,0,0,1010403
"result_00016.RData",16,"fashion","DVQ-10-alpha-1.00","DVQ",10,1,4,8,1,0.581,2,87872534.5377711,9615590.92949082,9615590.92949082,3,0,0,1010404
"result_00017.RData",17,"fashion","DVQ-5-alpha-0.50","DVQ",5,0.5,4,8,1,0.652,18,102396256.29392,4333659.0536575,4333659.0536575,19,0,0,1010405
"result_00018.RData",18,"fashion","DVQ-10-alpha-0.50","DVQ",10,0.5,4,8,1,0.624,18,105919344.586699,7929629.58763556,7929629.58763556,19,0,0,1010406
"result_00019.RData",19,"pbmc","kmeans","kmeans",NA,NA,6,10,1,0.284,NA,NA,NA,NA,0,NA,NA,1010601
"result_00020.RData",20,"pbmc","skmeans","skmeans",NA,NA,6,10,1,0.959,NA,NA,NA,NA,0,NA,NA,1010602
"result_00021.RData",21,"pbmc","DVQ-5-alpha-1.00","DVQ",5,1,6,10,1,0.217,4,12366.3721825241,5399.8841131157,5399.8841131157,5,0,0,1010603
"result_00022.RData",22,"pbmc","DVQ-10-alpha-1.00","DVQ",10,1,6,10,1,0.201,5,14446.8030951069,7105.44775722882,7105.44775722882,6,0,0,1010604
"result_00023.RData",23,"pbmc","DVQ-5-alpha-0.50","DVQ",5,0.5,6,10,1,0.211,15,9405.48135585007,4719.70657501817,4719.70657501817,16,0,0,1010605
"result_00024.RData",24,"pbmc","DVQ-10-alpha-0.50","DVQ",10,0.5,6,10,1,0.208,15,12982.3408927319,7149.1552794828,7149.1552794828,16,0,0,1010606
"result_00025.RData",25,"news","kmeans","kmeans",NA,NA,6,20,1,1.327,NA,NA,NA,NA,0,NA,NA,1010601
"result_00026.RData",26,"news","skmeans","skmeans",NA,NA,6,20,1,22.374,NA,NA,NA,NA,0,NA,NA,1010602
"result_00027.RData",27,"news","DVQ-5-alpha-1.00","DVQ",5,1,6,20,1,2.995,3,5.16221747010229,2.64192012110165,2.64192012110165,4,0,0,1010603
"result_00028.RData",28,"news","DVQ-10-alpha-1.00","DVQ",10,1,6,20,1,2.361,4,5.66639850394361,3.04133797870825,3.04133797870825,5,0,0,1010604
"result_00029.RData",29,"news","DVQ-5-alpha-0.50","DVQ",5,0.5,6,20,1,3.029,19,5.00668167060321,2.57786298406458,2.57786298406458,20,0,0,1010605
"result_00030.RData",30,"news","DVQ-10-alpha-0.50","DVQ",10,0.5,6,20,1,2.423,22,5.26328225791228,3.14168046441461,3.14168046441461,23,0,0,1010606
"result_00031.RData",31,"fashion","kmeans","kmeans",NA,NA,6,10,1,0.545,NA,NA,NA,NA,0,NA,NA,1010601
"result_00032.RData",32,"fashion","skmeans","skmeans",NA,NA,6,10,1,2.513,NA,NA,NA,NA,0,NA,NA,1010602
"result_00033.RData",33,"fashion","DVQ-5-alpha-1.00","DVQ",5,1,6,10,1,0.678,3,85862372.3693299,3119267.96070866,3119267.96070866,4,0,0,1010603
"result_00034.RData",34,"fashion","DVQ-10-alpha-1.00","DVQ",10,1,6,10,1,0.613,4,100961767.094179,4762757.69418107,4762757.69418107,5,0,0,1010604
"result_00035.RData",35,"fashion","DVQ-5-alpha-0.50","DVQ",5,0.5,6,10,1,0.668,17,87190372.6519787,4601833.31495719,4601833.31495719,18,0,0,1010605
"result_00036.RData",36,"fashion","DVQ-10-alpha-0.50","DVQ",10,0.5,6,10,1,0.642,17,86451787.7786679,8141428.89450589,8141428.89450589,18,0,0,1010606
"result_00037.RData",37,"pbmc","kmeans","kmeans",NA,NA,8,12,1,0.354,NA,NA,NA,NA,0,NA,NA,1010801
"result_00038.RData",38,"pbmc","skmeans","skmeans",NA,NA,8,12,1,1.145,NA,NA,NA,NA,0,NA,NA,1010802
"result_00039.RData",39,"pbmc","DVQ-5-alpha-1.00","DVQ",5,1,8,12,1,0.235,3,14546.0575500289,6699.53178929726,6699.53178929726,4,0,0,1010803
"result_00040.RData",40,"pbmc","DVQ-10-alpha-1.00","DVQ",10,1,8,12,1,0.199,4,15819.7183229809,8444.99433265276,8444.99433265276,5,0,0,1010804
"result_00041.RData",41,"pbmc","DVQ-5-alpha-0.50","DVQ",5,0.5,8,12,1,0.232,15,11546.3549093594,5364.35809109792,5364.35809109792,16,0,0,1010805
"result_00042.RData",42,"pbmc","DVQ-10-alpha-0.50","DVQ",10,0.5,8,12,1,0.23,22,16712.9940116589,8438.80584088633,8438.80584088633,23,0,0,1010806
"result_00043.RData",43,"news","kmeans","kmeans",NA,NA,8,22,1,1.389,NA,NA,NA,NA,0,NA,NA,1010801
"result_00044.RData",44,"news","skmeans","skmeans",NA,NA,8,22,1,25.085,NA,NA,NA,NA,0,NA,NA,1010802
"result_00045.RData",45,"news","DVQ-5-alpha-1.00","DVQ",5,1,8,22,1,3.039,2,5.13154388070001,2.64994129502602,2.64994129502602,3,0,0,1010803
"result_00046.RData",46,"news","DVQ-10-alpha-1.00","DVQ",10,1,8,22,1,2.407,8,5.67708428028419,3.14626703583662,3.14626703583662,9,0,0,1010804
"result_00047.RData",47,"news","DVQ-5-alpha-0.50","DVQ",5,0.5,8,22,1,3.205,20,5.0789249530268,2.52118071866253,2.52118071866253,21,0,0,1010805
"result_00048.RData",48,"news","DVQ-10-alpha-0.50","DVQ",10,0.5,8,22,1,2.488,15,5.78758174119244,3.2494762753252,3.2494762753252,16,0,0,1010806
"result_00049.RData",49,"fashion","kmeans","kmeans",NA,NA,8,12,1,0.608,NA,NA,NA,NA,0,NA,NA,1010801
"result_00050.RData",50,"fashion","skmeans","skmeans",NA,NA,8,12,1,3.014,NA,NA,NA,NA,0,NA,NA,1010802
"result_00051.RData",51,"fashion","DVQ-5-alpha-1.00","DVQ",5,1,8,12,1,0.73,4,96751153.9426022,4570700.66586955,4570700.66586955,5,0,0,1010803
"result_00052.RData",52,"fashion","DVQ-10-alpha-1.00","DVQ",10,1,8,12,1,0.656,4,84747917.9019169,5213766.63889286,5213766.63889286,5,0,0,1010804
"result_00053.RData",53,"fashion","DVQ-5-alpha-0.50","DVQ",5,0.5,8,12,1,0.732,17,87099033.1725474,5526598.88195042,5526598.88195042,18,0,0,1010805
"result_00054.RData",54,"fashion","DVQ-10-alpha-0.50","DVQ",10,0.5,8,12,1,0.679,16,102471808.190835,9971225.20596599,9971225.20596599,17,0,0,1010806
"result_00055.RData",55,"pbmc","kmeans","kmeans",NA,NA,4,8,2,0.274,NA,NA,NA,NA,0,NA,NA,1020401
"result_00056.RData",56,"pbmc","skmeans","skmeans",NA,NA,4,8,2,0.892,NA,NA,NA,NA,0,NA,NA,1020402
"result_00057.RData",57,"pbmc","DVQ-5-alpha-1.00","DVQ",5,1,4,8,2,0.209,3,9339.28359566374,4017.27611066339,4017.27611066339,4,0,0,1020403
"result_00058.RData",58,"pbmc","DVQ-10-alpha-1.00","DVQ",10,1,4,8,2,0.191,4,13946.3022879114,6853.14274163775,6853.14274163775,5,0,0,1020404
"result_00059.RData",59,"pbmc","DVQ-5-alpha-0.50","DVQ",5,0.5,4,8,2,0.206,15,10359.9908229049,4139.77026302363,4139.77026302363,16,0,0,1020405
"result_00060.RData",60,"pbmc","DVQ-10-alpha-0.50","DVQ",10,0.5,4,8,2,0.203,21,10540.0761312327,5420.84376699767,5420.84376699767,22,0,0,1020406
"result_00061.RData",61,"news","kmeans","kmeans",NA,NA,4,18,2,1.234,NA,NA,NA,NA,0,NA,NA,1020401
"result_00062.RData",62,"news","skmeans","skmeans",NA,NA,4,18,2,24.714,NA,NA,NA,NA,0,NA,NA,1020402
"result_00063.RData",63,"news","DVQ-5-alpha-1.00","DVQ",5,1,4,18,2,2.965,3,5.05669257830259,2.56217768492228,2.56217768492228,4,0,0,1020403
"result_00064.RData",64,"news","DVQ-10-alpha-1.00","DVQ",10,1,4,18,2,2.288,6,5.48906481817584,2.94709692874386,2.94709692874386,7,0,0,1020404
"result_00065.RData",65,"news","DVQ-5-alpha-0.50","DVQ",5,0.5,4,18,2,2.932,16,5.13458938533758,2.53304174002049,2.53304174002049,17,0,0,1020405
"result_00066.RData",66,"news","DVQ-10-alpha-0.50","DVQ",10,0.5,4,18,2,2.27,17,5.03655475980816,3.00101027636465,3.00101027636465,18,0,0,1020406
"result_00067.RData",67,"fashion","kmeans","kmeans",NA,NA,4,8,2,0.563,NA,NA,NA,NA,0,NA,NA,1020401
"result_00068.RData",68,"fashion","skmeans","skmeans",NA,NA,4,8,2,2.379,NA,NA,NA,NA,0,NA,NA,1020402
"result_00069.RData",69,"fashion","DVQ-5-alpha-1.00","DVQ",5,1,4,8,2,0.654,3,84719618.5639861,5681264.51658593,5681264.51658593,4,0,0,1020403
"result_00070.RData",70,"fashion","DVQ-10-alpha-1.00","DVQ",10,1,4,8,2,0.633,6,84807612.6517357,9258238.18183279,9258238.18183279,7,0,0,1020404
"result_00071.RData",71,"fashion","DVQ-5-alpha-0.50","DVQ",5,0.5,4,8,2,0.645,16,86134334.9960588,8652969.9269689,8652969.9269689,17,0,0,1020405
"result_00072.RData",72,"fashion","DVQ-10-alpha-0.50","DVQ",10,0.5,4,8,2,0.641,16,79020348.4470658,9084768.64166806,9084768.64166806,17,0,0,1020406
"result_00073.RData",73,"pbmc","kmeans","kmeans",NA,NA,6,10,2,0.29,NA,NA,NA,NA,0,NA,NA,1020601
"result_00074.RData",74,"pbmc","skmeans","skmeans",NA,NA,6,10,2,0.897,NA,NA,NA,NA,0,NA,NA,1020602
"result_00075.RData",75,"pbmc","DVQ-5-alpha-1.00","DVQ",5,1,6,10,2,0.225,3,11368.4338217943,5049.90595025474,5049.90595025474,4,0,0,1020603
"result_00076.RData",76,"pbmc","DVQ-10-alpha-1.00","DVQ",10,1,6,10,2,0.207,5,12947.2409929812,6759.49415190326,6759.49415190326,6,0,0,1020604
"result_00077.RData",77,"pbmc","DVQ-5-alpha-0.50","DVQ",5,0.5,6,10,2,0.224,15,12189.227494315,6629.00822617324,6629.00822617324,16,0,0,1020605
"result_00078.RData",78,"pbmc","DVQ-10-alpha-0.50","DVQ",10,0.5,6,10,2,0.214,17,14702.9951482481,7715.13810302109,7715.13810302109,18,0,0,1020606
"result_00079.RData",79,"news","kmeans","kmeans",NA,NA,6,20,2,1.421,NA,NA,NA,NA,0,NA,NA,1020601
"result_00080.RData",80,"news","skmeans","skmeans",NA,NA,6,20,2,25.621,NA,NA,NA,NA,0,NA,NA,1020602
"result_00081.RData",81,"news","DVQ-5-alpha-1.00","DVQ",5,1,6,20,2,3.01,2,5.40384830309254,2.67438684094625,2.67438684094625,3,0,0,1020603
"result_00082.RData",82,"news","DVQ-10-alpha-1.00","DVQ",10,1,6,20,2,2.375,5,5.51422836878956,3.12924421620453,3.12924421620453,6,0,0,1020604
"result_00083.RData",83,"news","DVQ-5-alpha-0.50","DVQ",5,0.5,6,20,2,3.126,15,5.06623538783953,2.64378380005126,2.64378380005126,16,0,0,1020605
"result_00084.RData",84,"news","DVQ-10-alpha-0.50","DVQ",10,0.5,6,20,2,2.445,15,5.66339619315166,3.2125169965572,3.2125169965572,16,0,0,1020606
"result_00085.RData",85,"fashion","kmeans","kmeans",NA,NA,6,10,2,0.564,NA,NA,NA,NA,0,NA,NA,1020601
"result_00086.RData",86,"fashion","skmeans","skmeans",NA,NA,6,10,2,2.66,NA,NA,NA,NA,0,NA,NA,1020602
"result_00087.RData",87,"fashion","DVQ-5-alpha-1.00","DVQ",5,1,6,10,2,0.702,5,86490977.1041593,3820282.5237915,3820282.5237915,6,0,0,1020603
"result_00088.RData",88,"fashion","DVQ-10-alpha-1.00","DVQ",10,1,6,10,2,0.613,5,94981595.634414,5803981.0368214,5803981.0368214,6,0,0,1020604
"result_00089.RData",89,"fashion","DVQ-5-alpha-0.50","DVQ",5,0.5,6,10,2,0.69,17,78459908.9949859,2978926.54281002,2978926.54281002,18,0,0,1020605
"result_00090.RData",90,"fashion","DVQ-10-alpha-0.50","DVQ",10,0.5,6,10,2,0.659,17,87446665.838802,10279407.4752513,10279407.4752513,18,0,0,1020606
"result_00091.RData",91,"pbmc","kmeans","kmeans",NA,NA,8,12,2,0.324,NA,NA,NA,NA,0,NA,NA,1020801
"result_00092.RData",92,"pbmc","skmeans","skmeans",NA,NA,8,12,2,1.147,NA,NA,NA,NA,0,NA,NA,1020802
"result_00093.RData",93,"pbmc","DVQ-5-alpha-1.00","DVQ",5,1,8,12,2,0.234,3,11446.7602028202,5131.93748613615,5131.93748613615,4,0,0,1020803
"result_00094.RData",94,"pbmc","DVQ-10-alpha-1.00","DVQ",10,1,8,12,2,0.208,3,14437.9655155198,8100.15103278974,8100.15103278974,4,0,0,1020804
"result_00095.RData",95,"pbmc","DVQ-5-alpha-0.50","DVQ",5,0.5,8,12,2,0.237,15,11274.7088771273,5730.54413910355,5730.54413910355,16,0,0,1020805
"result_00096.RData",96,"pbmc","DVQ-10-alpha-0.50","DVQ",10,0.5,8,12,2,0.227,15,15652.4432612662,7665.45152883869,7665.45152883869,16,0,0,1020806
"result_00097.RData",97,"news","kmeans","kmeans",NA,NA,8,22,2,1.487,NA,NA,NA,NA,0,NA,NA,1020801
