"data","S","k","repeat_id","seed","method","n","d","transmitted_coordinates","distortion","ARI","NMI","summary_barycenter_objective","local_summary_sec","aggregation_sec","construction_sec","evaluation_sec","converged","iterations","terminal_residual"
"pbmc",5,10,1,1010603,"DVQ",2638,20,1000,29264.6908565933,0.0221392664433485,0.0538468838464667,5399.8841131157,0.099,0.026,0.125,0.105,TRUE,4,0
"pbmc",5,10,1,1010603,"Summary k-means",2638,20,1000,29053.5165902859,0.026794066932391,0.0647484959157541,8937.32853843433,0.099,0.001,0.1,0.105,TRUE,4,NA
"pbmc",10,10,1,1010604,"DVQ",2638,20,2000,29311.0624066403,0.0249874599044917,0.0582342884041832,7105.44775722882,0.0740000000000001,0.0110000000000001,0.0850000000000002,0.102,TRUE,5,0
"pbmc",10,10,1,1010604,"Summary k-means",2638,20,2000,29252.4878344513,0.0328939665087475,0.0686013893939937,16843.7817771763,0.0740000000000001,0.00299999999999989,0.077,0.104,TRUE,4,NA
"pbmc",5,10,2,1020603,"DVQ",2638,20,1000,29696.7708434398,0.0255346508412564,0.0564899595876317,5049.90595025474,0.0959999999999999,0.004,0.0999999999999999,0.104,TRUE,3,0
"pbmc",5,10,2,1020603,"Summary k-means",2638,20,1000,28987.3776210132,0.026385030733126,0.0587230272960258,4633.55145097218,0.0959999999999999,0.00099999999999989,0.0969999999999998,0.104,TRUE,3,NA
"pbmc",10,10,2,1020604,"DVQ",2638,20,2000,29533.2404065108,0.0317355007248289,0.0664095469606347,6759.49415190325,0.0709999999999997,0.0110000000000001,0.0819999999999999,0.101,TRUE,5,0
"pbmc",10,10,2,1020604,"Summary k-means",2638,20,2000,29102.8903687513,0.028322525050235,0.059637020082432,7143.62638708005,0.0709999999999997,0.00200000000000022,0.073,0.101,TRUE,5,NA
"pbmc",5,10,3,1030603,"DVQ",2638,20,1000,29494.2522981705,0.0277166232127987,0.0569012121424912,4768.75220095724,0.0920000000000001,0.004,0.0960000000000001,0.103,TRUE,3,0
"pbmc",5,10,3,1030603,"Summary k-means",2638,20,1000,28950.1457755879,0.0259196131218608,0.0585433587768494,4194.55690801112,0.0920000000000001,0.00099999999999989,0.093,0.103,TRUE,3,NA
"pbmc",10,10,3,1030604,"DVQ",2638,20,2000,29313.9529233451,0.0270959096498995,0.0546461129369113,7160.59057438246,0.0740000000000003,0.0100000000000002,0.0840000000000005,0.103,TRUE,5,0
"pbmc",10,10,3,1030604,"Summary k-means",2638,20,2000,29205.123672764,0.0303197835236457,0.0590783707756546,16687.5370709303,0.0740000000000003,0.00199999999999978,0.0760000000000001,0.104,TRUE,5,NA
"fashion",5,10,1,1010603,"DVQ",10000,20,1000,38031459.3098156,0.306995947841116,0.469440970294971,3119267.96070866,0.268,0.00299999999999923,0.270999999999999,1.384,TRUE,3,0
"fashion",5,10,1,1010603,"Summary k-means",10000,20,1000,40247623.763353,0.241867491604236,0.433586153805042,20685710.1442933,0.268,0.00100000000000033,0.269000000000001,1.475,TRUE,2,NA
"fashion",10,10,1,1010604,"DVQ",10000,20,2000,38195548.2244562,0.303716850440403,0.461076459006906,4762757.69418107,0.222,0.0080000000000009,0.23,1.38,TRUE,4,0
"fashion",10,10,1,1010604,"Summary k-means",10000,20,2000,37584117.7778447,0.313454653018709,0.475526244116219,6382379.34312937,0.222,0.00200000000000067,0.224,1.384,TRUE,3,NA
"fashion",5,10,2,1020603,"DVQ",10000,20,1000,37873979.1089308,0.312571705438464,0.477417529231309,3820282.5237915,0.288,0.00500000000000078,0.293000000000001,1.38,TRUE,5,0
"fashion",5,10,2,1020603,"Summary k-means",10000,20,1000,37585644.631294,0.315560865163877,0.47398297684885,5313813.84117685,0.288,0.000999999999999446,0.289,1.47,TRUE,2,NA
"fashion",10,10,2,1020604,"DVQ",10000,20,2000,38176401.9908225,0.302858518291401,0.464183073627679,5803981.0368214,0.223000000000003,0.0100000000000016,0.233000000000004,1.369,TRUE,5,0
"fashion",10,10,2,1020604,"Summary k-means",10000,20,2000,37610948.2327628,0.311927552773377,0.474621053716789,7609349.86482514,0.223000000000003,0.00100000000000122,0.224000000000004,1.383,TRUE,2,NA
"fashion",5,10,3,1030603,"DVQ",10000,20,1000,37998732.2896069,0.309842817112866,0.472807828512158,4275895.58239276,0.290000000000003,0.00600000000000023,0.296000000000003,1.406,TRUE,5,0
"fashion",5,10,3,1030603,"Summary k-means",10000,20,1000,40297762.145698,0.23952489298423,0.428137000754637,22041412.2154955,0.290000000000003,0.00100000000000122,0.291000000000004,1.432,TRUE,3,NA
"fashion",10,10,3,1030604,"DVQ",10000,20,2000,37935319.7527865,0.312953262045614,0.474681641786615,5310778.00405196,0.233999999999998,0.00799999999999912,0.241999999999997,1.547,TRUE,4,0
"fashion",10,10,3,1030604,"Summary k-means",10000,20,2000,38435704.9264458,0.30222355775352,0.470659517984713,14676253.2057071,0.233999999999998,0.000999999999997669,0.234999999999996,1.396,TRUE,2,NA
