data,S,repeat_id,distortion_difference,distortion_relative_difference_pct,ARI_difference,NMI_difference
pbmc,5,1,211.1742663074001,0.7268458041943315,-0.004654800489042498,-0.0109016120692874
pbmc,5,2,709.3932224266027,2.4472487014912225,-0.0008503798918696008,-0.0022330677083940986
pbmc,5,3,544.1065225826023,1.8794603895964324,0.0017970100909379012,-0.001642146634358202
pbmc,10,1,58.57457218899799,0.2002379165850332,-0.007906506604255799,-0.010367100989810495
pbmc,10,2,430.35003775949735,1.4787192347794464,0.0034129756745938968,0.006772526878202699
pbmc,10,3,108.8292505811005,0.3726375268959803,-0.003223873873746199,-0.004432257838743299
fashion,5,1,-2216164.453537397,-5.506323718806227,0.06512845623687999,0.035854816489929
fashion,5,2,288334.4776367992,0.7671399026550896,-0.002989159725412971,0.0034345523824589885
fashion,5,3,-2299029.8560911044,-5.705105528636755,0.070317924128636,0.044670827757521014
fashion,10,1,611430.4466115013,1.6268319778731888,-0.009737802578306032,-0.014449785109312996
fashion,10,2,565453.7580597028,1.5034286148817078,-0.009069034481976046,-0.010437980089109955
fashion,10,3,-500385.17365929484,-1.301875884979553,0.010729704292094022,0.004022123801901978
