"key","historical_record_available","native_niter","native_at_cap","native_terminal_residual","max_historical_center_abs_diff","historical_assignments_identical","native_vs_dual_centers_max_abs_diff"
"pbmc_S5_rep1",TRUE,4,FALSE,7.26305033391224e-17,0,TRUE,7.105427357601e-15
"pbmc_S10_rep1",TRUE,5,FALSE,9.46532237410151e-17,0,TRUE,1.4210854715202e-14
"pbmc_S5_rep2",TRUE,3,FALSE,7.35808008159616e-17,0,TRUE,7.105427357601e-15
"pbmc_S10_rep2",TRUE,5,FALSE,7.92850357421275e-17,0,TRUE,7.105427357601e-15
"pbmc_S5_rep3",FALSE,3,FALSE,6.25716982989023e-17,NA,NA,3.5527136788005e-15
"pbmc_S10_rep3",FALSE,5,FALSE,8.68451005265093e-17,NA,NA,7.105427357601e-15
"fashion_S5_rep1",TRUE,3,FALSE,1.86089042178322e-16,0,TRUE,1.81898940354586e-12
"fashion_S10_rep1",TRUE,4,FALSE,3.23170085868833e-16,0,TRUE,3.63797880709171e-12
"fashion_S5_rep2",TRUE,5,FALSE,2.13976262814615e-16,0,TRUE,1.81898940354586e-12
"fashion_S10_rep2",TRUE,5,FALSE,2.88098264922127e-16,0,TRUE,1.81898940354586e-12
"fashion_S5_rep3",FALSE,5,FALSE,2.4149169923493e-16,NA,NA,1.81898940354586e-12
"fashion_S10_rep3",FALSE,4,FALSE,2.67282023942371e-16,NA,NA,1.81898940354586e-12
